EQ,group,separated_EQ,separated_group
0,0,0,0
0,0,1,1
0,0,2,2
1,1,3,3
1,1,4,1
1,1,5,2
2,0,6,0
2,0,7,1
2,0,8,2
3,2,9,4
3,2,10,5
3,2,11,2
4,3,12,6
4,3,13,5
5,4,14,7
5,4,15,5
5,4,16,2
6,2,17,4
6,2,18,5
6,2,19,2
7,5,20,8
7,5,21,5
7,5,22,1
8,6,23,9
8,6,24,5
8,6,25,1
9,1,26,3
9,1,27,1
9,1,28,2
10,1,29,3
10,1,30,1
10,1,31,2
11,7,32,10
11,7,33,5
11,7,34,1
12,3,35,6
12,3,36,5
13,8,37,11
13,8,38,1
13,8,39,2
14,9,40,12
14,9,41,5
14,9,42,1
14,9,43,2
15,4,44,7
15,4,45,5
15,4,46,2
16,2,47,4
16,2,48,5
16,2,49,2
17,10,50,13
17,10,51,5
18,3,52,6
18,3,53,5
19,7,54,10
19,7,55,5
19,7,56,1
20,11,57,14
20,11,58,5
20,11,59,1
21,2,60,4
21,2,61,5
21,2,62,2
22,4,63,7
22,4,64,5
22,4,65,2
23,12,66,15
23,12,67,1
24,7,68,10
24,7,69,5
24,7,70,1
25,3,71,6
25,3,72,5
26,2,73,4
26,2,74,5
26,2,75,2
27,2,76,4
27,2,77,5
27,2,78,2
28,2,79,4
28,2,80,5
28,2,81,2
29,13,82,16
29,13,83,1
29,13,84,2
30,10,85,13
30,10,86,5
31,11,87,14
31,11,88,5
31,11,89,1
32,14,90,17
32,14,91,5
32,14,92,1
33,3,93,6
33,3,94,5
34,9,95,12
34,9,96,5
34,9,97,1
34,9,98,2
35,7,99,10
35,7,100,5
35,7,101,1
36,11,102,14
36,11,103,5
36,11,104,1
37,15,105,18
37,15,106,5
38,7,107,10
38,7,108,5
38,7,109,1
39,1,110,3
39,1,111,1
39,1,112,2
40,7,113,10
40,7,114,5
40,7,115,1
41,2,116,4
41,2,117,5
41,2,118,2
42,0,119,0
42,0,120,1
42,0,121,2
43,2,122,4
43,2,123,5
43,2,124,2
44,7,125,10
44,7,126,5
44,7,127,1
45,2,128,4
45,2,129,5
45,2,130,2
46,7,131,10
46,7,132,5
46,7,133,1
47,0,134,0
47,0,135,1
47,0,136,2
48,2,137,4
48,2,138,5
48,2,139,2
49,16,140,19
49,16,141,5
50,7,142,10
50,7,143,5
50,7,144,1
51,0,145,0
51,0,146,1
51,0,147,2
52,9,148,12
52,9,149,5
52,9,150,1
52,9,151,2
53,7,152,10
53,7,153,5
53,7,154,1
54,7,155,10
54,7,156,5
54,7,157,1
55,7,158,10
55,7,159,5
55,7,160,1
56,7,161,10
56,7,162,5
56,7,163,1
57,3,164,6
57,3,165,5
58,7,166,10
58,7,167,5
58,7,168,1
59,13,169,16
59,13,170,1
59,13,171,2
60,7,172,10
60,7,173,5
60,7,174,1
61,0,175,0
61,0,176,1
61,0,177,2
62,4,178,7
62,4,179,5
62,4,180,2
63,16,181,19
63,16,182,5
64,7,183,10
64,7,184,5
64,7,185,1
65,2,186,4
65,2,187,5
65,2,188,2
66,14,189,17
66,14,190,5
66,14,191,1
67,17,192,20
67,17,193,5
67,17,194,1
68,18,195,21
68,18,196,5
69,19,197,22
69,19,198,5
70,0,199,0
70,0,200,1
70,0,201,2
71,0,202,0
71,0,203,1
71,0,204,2
72,3,205,6
72,3,206,5
73,11,207,14
73,11,208,5
73,11,209,1
74,11,210,14
74,11,211,5
74,11,212,1
75,2,213,4
75,2,214,5
75,2,215,2
76,7,216,10
76,7,217,5
76,7,218,1
77,7,219,10
77,7,220,5
77,7,221,1
78,2,222,4
78,2,223,5
78,2,224,2
79,11,225,14
79,11,226,5
79,11,227,1
80,7,228,10
80,7,229,5
80,7,230,1
81,10,231,13
81,10,232,5
82,20,233,23
82,20,234,1
83,1,235,3
83,1,236,1
83,1,237,2
84,4,238,7
84,4,239,5
84,4,240,2
85,21,241,24
85,21,242,1
86,22,243,25
86,22,244,1
87,9,245,12
87,9,246,5
87,9,247,1
87,9,248,2
88,7,249,10
88,7,250,5
88,7,251,1
89,3,252,6
89,3,253,5
90,6,254,9
90,6,255,5
90,6,256,1
91,2,257,4
91,2,258,5
91,2,259,2
92,0,260,0
92,0,261,1
92,0,262,2
93,4,263,7
93,4,264,5
93,4,265,2
94,0,266,0
94,0,267,1
94,0,268,2
95,2,269,4
95,2,270,5
95,2,271,2
96,9,272,12
96,9,273,5
96,9,274,1
96,9,275,2
97,3,276,6
97,3,277,5
98,3,278,6
98,3,279,5
99,0,280,0
99,0,281,1
99,0,282,2
100,11,283,14
100,11,284,5
100,11,285,1
101,23,286,26
101,23,287,1
101,23,288,2
102,10,289,13
102,10,290,5
103,19,291,22
103,19,292,5
104,3,293,6
104,3,294,5
105,1,295,3
105,1,296,1
105,1,297,2
106,19,298,22
106,19,299,5
107,4,300,7
107,4,301,5
107,4,302,2
108,10,303,13
108,10,304,5
109,20,305,23
109,20,306,1
110,24,307,27
110,24,308,5
111,24,309,27
111,24,310,5
112,25,311,28
112,25,312,5
112,25,313,1
113,26,314,29
113,26,315,1
114,27,316,30
114,27,317,1
115,3,318,6
115,3,319,5
116,3,320,6
116,3,321,5
117,28,322,31
117,28,323,1
118,7,324,10
118,7,325,5
118,7,326,1
119,24,327,27
119,24,328,5
120,3,329,6
120,3,330,5
121,7,331,10
121,7,332,5
121,7,333,1
122,7,334,10
122,7,335,5
122,7,336,1
123,19,337,22
123,19,338,5
124,19,339,22
124,19,340,5
125,6,341,9
125,6,342,5
125,6,343,1
126,3,344,6
126,3,345,5
127,3,346,6
127,3,347,5
128,19,348,22
128,19,349,5
129,7,350,10
129,7,351,5
129,7,352,1
130,7,353,10
130,7,354,5
130,7,355,1
131,7,356,10
131,7,357,5
131,7,358,1
132,19,359,22
132,19,360,5
133,29,361,32
133,29,362,5
134,7,363,10
134,7,364,5
134,7,365,1
135,25,366,28
135,25,367,5
135,25,368,1
136,3,369,6
136,3,370,5
137,7,371,10
137,7,372,5
137,7,373,1
138,21,374,24
138,21,375,1
139,3,376,6
139,3,377,5
140,30,378,33
140,30,379,5
141,19,380,22
141,19,381,5
142,7,382,10
142,7,383,5
142,7,384,1
143,7,385,10
143,7,386,5
143,7,387,1
144,10,388,13
144,10,389,5
145,7,390,10
145,7,391,5
145,7,392,1
146,25,393,28
146,25,394,5
146,25,395,1
147,14,396,17
147,14,397,5
147,14,398,1
148,31,399,34
148,31,400,1
149,19,401,22
149,19,402,5
150,32,403,35
150,32,404,5
151,12,405,15
151,12,406,1
152,29,407,32
152,29,408,5
153,33,409,36
153,33,410,5
153,33,411,37
154,21,412,24
154,21,413,1
155,21,414,24
155,21,415,1
156,25,416,28
156,25,417,5
156,25,418,1
157,19,419,22
157,19,420,5
158,4,421,7
158,4,422,5
158,4,423,2
159,6,424,9
159,6,425,5
159,6,426,1
160,12,427,15
160,12,428,1
161,2,429,4
161,2,430,5
161,2,431,2
162,25,432,28
162,25,433,5
162,25,434,1
163,21,435,24
163,21,436,1
164,7,437,10
164,7,438,5
164,7,439,1
165,7,440,10
165,7,441,5
165,7,442,1
166,7,443,10
166,7,444,5
166,7,445,1
167,5,446,8
167,5,447,5
167,5,448,1
168,25,449,28
168,25,450,5
168,25,451,1
169,19,452,22
169,19,453,5
170,3,454,6
170,3,455,5
171,24,456,27
171,24,457,5
172,21,458,24
172,21,459,1
173,21,460,24
173,21,461,1
174,34,462,38
174,34,463,5
175,19,464,22
175,19,465,5
176,7,466,10
176,7,467,5
176,7,468,1
177,6,469,9
177,6,470,5
177,6,471,1
178,18,472,21
178,18,473,5
179,18,474,21
179,18,475,5
180,18,476,21
180,18,477,5
181,19,478,22
181,19,479,5
182,19,480,22
182,19,481,5
183,16,482,19
183,16,483,5
184,16,484,19
184,16,485,5
185,25,486,28
185,25,487,5
185,25,488,1
186,19,489,22
186,19,490,5
187,19,491,22
187,19,492,5
188,12,493,15
188,12,494,1
189,7,495,10
189,7,496,5
189,7,497,1
190,3,498,6
190,3,499,5
191,7,500,10
191,7,501,5
191,7,502,1
192,0,503,0
192,0,504,1
192,0,505,2
193,18,506,21
193,18,507,5
194,35,508,39
195,20,509,23
195,20,510,1
196,20,511,23
196,20,512,1
197,3,513,6
197,3,514,5
198,32,515,35
198,32,516,5
199,14,517,17
199,14,518,5
199,14,519,1
200,7,520,10
200,7,521,5
200,7,522,1
201,3,523,6
201,3,524,5
202,3,525,6
202,3,526,5
203,25,527,28
203,25,528,5
203,25,529,1
204,3,530,6
204,3,531,5
205,36,532,40
205,36,533,2
206,7,534,10
206,7,535,5
206,7,536,1
207,7,537,10
207,7,538,5
207,7,539,1
208,7,540,10
208,7,541,5
208,7,542,1
209,3,543,6
209,3,544,5
210,8,545,11
210,8,546,1
210,8,547,2
211,8,548,11
211,8,549,1
211,8,550,2
212,37,551,41
212,37,552,5
213,38,553,42
213,38,554,5
214,39,555,43
214,39,556,1
215,40,557,44
215,40,558,5
216,7,559,10
216,7,560,5
216,7,561,1
217,7,562,10
217,7,563,5
217,7,564,1
218,35,565,39
219,41,566,45
219,41,567,5
220,26,568,29
220,26,569,1
221,27,570,30
221,27,571,1
222,7,572,10
222,7,573,5
222,7,574,1
223,7,575,10
223,7,576,5
223,7,577,1
224,4,578,7
224,4,579,5
224,4,580,2
225,16,581,19
225,16,582,5
226,2,583,4
226,2,584,5
226,2,585,2
227,1,586,3
227,1,587,1
227,1,588,2
228,7,589,10
228,7,590,5
228,7,591,1
229,7,592,10
229,7,593,5
229,7,594,1
230,1,595,3
230,1,596,1
230,1,597,2
231,20,598,23
231,20,599,1
232,3,600,6
232,3,601,5
233,3,602,6
233,3,603,5
234,12,604,15
234,12,605,1
235,12,606,15
235,12,607,1
236,17,608,20
236,17,609,5
236,17,610,1
237,2,611,4
237,2,612,5
237,2,613,2
238,2,614,4
238,2,615,5
238,2,616,2
239,2,617,4
239,2,618,5
239,2,619,2
240,7,620,10
240,7,621,5
240,7,622,1
241,20,623,23
241,20,624,1
242,16,625,19
242,16,626,5
243,18,627,21
243,18,628,5
244,25,629,28
244,25,630,5
244,25,631,1
245,4,632,7
245,4,633,5
245,4,634,2
246,2,635,4
246,2,636,5
246,2,637,2
247,4,638,7
247,4,639,5
247,4,640,2
248,3,641,6
248,3,642,5
249,7,643,10
249,7,644,5
249,7,645,1
250,4,646,7
250,4,647,5
250,4,648,2
251,16,649,19
251,16,650,5
252,30,651,33
252,30,652,5
253,42,653,46
253,42,654,5
254,43,655,47
254,43,656,5
255,4,657,7
255,4,658,5
255,4,659,2
256,44,660,48
256,44,661,5
257,3,662,6
257,3,663,5
258,3,664,6
258,3,665,5
259,13,666,16
259,13,667,1
259,13,668,2
260,18,669,21
260,18,670,5
261,45,671,49
261,45,672,5
262,25,673,28
262,25,674,5
262,25,675,1
263,42,676,46
263,42,677,5
264,8,678,11
264,8,679,1
264,8,680,2
265,18,681,21
265,18,682,5
266,46,683,50
266,46,684,1
267,46,685,50
267,46,686,1
268,20,687,23
268,20,688,1
269,47,689,51
269,47,690,52
269,47,691,1
270,18,692,21
270,18,693,5
271,18,694,21
271,18,695,5
272,2,696,4
272,2,697,5
272,2,698,2
273,48,699,53
273,48,700,1
273,48,701,2
274,49,702,54
274,49,703,1
275,7,704,10
275,7,705,5
275,7,706,1
276,11,707,14
276,11,708,5
276,11,709,1
277,16,710,19
277,16,711,5
278,4,712,7
278,4,713,5
278,4,714,2
279,18,715,21
279,18,716,5
280,18,717,21
280,18,718,5
281,1,719,3
281,1,720,1
281,1,721,2
282,50,722,55
282,50,723,5
283,18,724,21
283,18,725,5
284,51,726,56
284,51,727,5
285,42,728,46
285,42,729,5
286,52,730,57
286,52,731,5
287,19,732,22
287,19,733,5
288,24,734,27
288,24,735,5
289,53,736,58
289,53,737,5
290,53,738,58
290,53,739,5
291,2,740,4
291,2,741,5
291,2,742,2
292,46,743,50
292,46,744,1
293,46,745,50
293,46,746,1
294,54,747,59
294,54,748,5
295,3,749,6
295,3,750,5
296,7,751,10
296,7,752,5
296,7,753,1
297,7,754,10
297,7,755,5
297,7,756,1
298,55,757,60
298,55,758,5
299,18,759,21
299,18,760,5
300,56,761,61
300,56,762,52
301,2,763,4
301,2,764,5
301,2,765,2
302,11,766,14
302,11,767,5
302,11,768,1
303,2,769,4
303,2,770,5
303,2,771,2
304,42,772,46
304,42,773,5
305,7,774,10
305,7,775,5
305,7,776,1
306,54,777,59
306,54,778,5
307,38,779,42
307,38,780,5
308,21,781,24
308,21,782,1
309,57,783,62
309,57,784,5
310,9,785,12
310,9,786,5
310,9,787,1
310,9,788,2
311,3,789,6
311,3,790,5
312,58,791,63
312,58,792,5
312,58,793,2
313,38,794,42
313,38,795,5
314,0,796,0
314,0,797,1
314,0,798,2
315,31,799,34
315,31,800,1
316,20,801,23
316,20,802,1
317,14,803,17
317,14,804,5
317,14,805,1
318,14,806,17
318,14,807,5
318,14,808,1
319,3,809,6
319,3,810,5
320,32,811,35
320,32,812,5
321,32,813,35
321,32,814,5
322,18,815,21
322,18,816,5
323,16,817,19
323,16,818,5
324,2,819,4
324,2,820,5
324,2,821,2
325,20,822,23
325,20,823,1
326,19,824,22
326,19,825,5
327,16,826,19
327,16,827,5
328,11,828,14
328,11,829,5
328,11,830,1
329,7,831,10
329,7,832,5
329,7,833,1
330,32,834,35
330,32,835,5
331,32,836,35
331,32,837,5
332,32,838,35
332,32,839,5
333,59,840,64
333,59,841,5
333,59,842,2
333,59,843,37
334,21,844,24
334,21,845,1
335,18,846,21
335,18,847,5
336,20,848,23
336,20,849,1
337,0,850,0
337,0,851,1
337,0,852,2
338,7,853,10
338,7,854,5
338,7,855,1
339,0,856,0
339,0,857,1
339,0,858,2
340,16,859,19
340,16,860,5
341,13,861,16
341,13,862,1
341,13,863,2
342,20,864,23
342,20,865,1
343,1,866,3
343,1,867,1
343,1,868,2
344,60,869,65
344,60,870,2
345,13,871,16
345,13,872,1
345,13,873,2
346,2,874,4
346,2,875,5
346,2,876,2
347,2,877,4
347,2,878,5
347,2,879,2
348,3,880,6
348,3,881,5
349,3,882,6
349,3,883,5
350,19,884,22
350,19,885,5
351,61,886,66
351,61,887,5
352,2,888,4
352,2,889,5
352,2,890,2
353,2,891,4
353,2,892,5
353,2,893,2
354,25,894,28
354,25,895,5
354,25,896,1
355,25,897,28
355,25,898,5
355,25,899,1
356,62,900,67
356,62,901,5
356,62,902,37
357,62,903,67
357,62,904,5
357,62,905,37
358,63,906,68
358,63,907,5
358,63,908,1
359,51,909,56
359,51,910,5
360,64,911,69
360,64,912,5
361,12,913,15
361,12,914,1
362,2,915,4
362,2,916,5
362,2,917,2
363,6,918,9
363,6,919,5
363,6,920,1
364,12,921,15
364,12,922,1
365,65,923,70
365,65,924,5
366,7,925,10
366,7,926,5
366,7,927,1
367,13,928,16
367,13,929,1
367,13,930,2
368,13,931,16
368,13,932,1
368,13,933,2
369,54,934,59
369,54,935,5
370,20,936,23
370,20,937,1
371,20,938,23
371,20,939,1
372,12,940,15
372,12,941,1
373,66,942,71
373,66,943,1
374,18,944,21
374,18,945,5
375,13,946,16
375,13,947,1
375,13,948,2
376,13,949,16
376,13,950,1
376,13,951,2
377,45,952,49
377,45,953,5
378,31,954,34
378,31,955,1
379,4,956,7
379,4,957,5
379,4,958,2
380,4,959,7
380,4,960,5
380,4,961,2
381,18,962,21
381,18,963,5
382,18,964,21
382,18,965,5
383,10,966,13
383,10,967,5
384,0,968,0
384,0,969,1
384,0,970,2
385,67,971,72
385,67,972,1
385,67,973,2
386,58,974,63
386,58,975,5
386,58,976,2
387,3,977,6
387,3,978,5
388,2,979,4
388,2,980,5
388,2,981,2
389,2,982,4
389,2,983,5
389,2,984,2
390,28,985,31
390,28,986,1
391,3,987,6
391,3,988,5
392,28,989,31
392,28,990,1
393,68,991,73
393,68,992,74
394,69,993,75
394,69,994,1
395,70,995,76
395,70,996,1
396,2,997,4
396,2,998,5
396,2,999,2
397,1,1000,3
397,1,1001,1
397,1,1002,2
398,2,1003,4
398,2,1004,5
398,2,1005,2
399,37,1006,41
399,37,1007,5
400,0,1008,0
400,0,1009,1
400,0,1010,2
401,0,1011,0
401,0,1012,1
401,0,1013,2
402,11,1014,14
402,11,1015,5
402,11,1016,1
403,11,1017,14
403,11,1018,5
403,11,1019,1
404,11,1020,14
404,11,1021,5
404,11,1022,1
405,20,1023,23
405,20,1024,1
406,45,1025,49
406,45,1026,5
407,19,1027,22
407,19,1028,5
408,38,1029,42
408,38,1030,5
409,71,1031,77
409,71,1032,1
410,72,1033,78
410,72,1034,1
411,13,1035,16
411,13,1036,1
411,13,1037,2
412,13,1038,16
412,13,1039,1
412,13,1040,2
413,13,1041,16
413,13,1042,1
413,13,1043,2
414,8,1044,11
414,8,1045,1
414,8,1046,2
415,42,1047,46
415,42,1048,5
416,1,1049,3
416,1,1050,1
416,1,1051,2
417,0,1052,0
417,0,1053,1
417,0,1054,2
418,15,1055,18
418,15,1056,5
419,20,1057,23
419,20,1058,1
420,12,1059,15
420,12,1060,1
421,12,1061,15
421,12,1062,1
422,73,1063,79
422,73,1064,5
422,73,1065,1
423,74,1066,80
423,74,1067,2
424,75,1068,81
424,75,1069,2
425,2,1070,4
425,2,1071,5
425,2,1072,2
426,76,1073,82
426,76,1074,5
426,76,1075,2
427,20,1076,23
427,20,1077,1
428,20,1078,23
428,20,1079,1
429,55,1080,60
429,55,1081,5
430,7,1082,10
430,7,1083,5
430,7,1084,1
431,20,1085,23
431,20,1086,1
432,20,1087,23
432,20,1088,1
433,3,1089,6
433,3,1090,5
434,44,1091,48
434,44,1092,5
435,9,1093,12
435,9,1094,5
435,9,1095,1
435,9,1096,2
436,7,1097,10
436,7,1098,5
436,7,1099,1
437,18,1100,21
437,18,1101,5
438,1,1102,3
438,1,1103,1
438,1,1104,2
439,77,1105,83
439,77,1106,1
440,78,1107,84
440,78,1108,1
441,79,1109,85
441,79,1110,5
442,79,1111,85
442,79,1112,5
443,2,1113,4
443,2,1114,5
443,2,1115,2
444,55,1116,60
444,55,1117,5
445,79,1118,85
445,79,1119,5
446,79,1120,85
446,79,1121,5
447,79,1122,85
447,79,1123,5
448,40,1124,44
448,40,1125,5
449,3,1126,6
449,3,1127,5
450,1,1128,3
450,1,1129,1
450,1,1130,2
451,54,1131,59
451,54,1132,5
452,80,1133,86
452,80,1134,5
453,80,1135,86
453,80,1136,5
454,38,1137,42
454,38,1138,5
455,34,1139,38
455,34,1140,5
456,14,1141,17
456,14,1142,5
456,14,1143,1
457,25,1144,28
457,25,1145,5
457,25,1146,1
458,25,1147,28
458,25,1148,5
458,25,1149,1
459,17,1150,20
459,17,1151,5
459,17,1152,1
460,58,1153,63
460,58,1154,5
460,58,1155,2
461,58,1156,63
461,58,1157,5
461,58,1158,2
462,2,1159,4
462,2,1160,5
462,2,1161,2
463,20,1162,23
463,20,1163,1
464,13,1164,16
464,13,1165,1
464,13,1166,2
465,67,1167,72
465,67,1168,1
465,67,1169,2
466,3,1170,6
466,3,1171,5
467,81,1172,87
467,81,1173,5
467,81,1174,2
468,81,1175,87
468,81,1176,5
468,81,1177,2
469,4,1178,7
469,4,1179,5
469,4,1180,2
470,20,1181,23
470,20,1182,1
471,82,1183,88
471,82,1184,1
472,35,1185,39
473,7,1186,10
473,7,1187,5
473,7,1188,1
474,7,1189,10
474,7,1190,5
474,7,1191,1
475,20,1192,23
475,20,1193,1
476,2,1194,4
476,2,1195,5
476,2,1196,2
477,35,1197,39
478,2,1198,4
478,2,1199,5
478,2,1200,2
479,80,1201,86
479,80,1202,5
480,80,1203,86
480,80,1204,5
481,7,1205,10
481,7,1206,5
481,7,1207,1
482,16,1208,19
482,16,1209,5
483,19,1210,22
483,19,1211,5
484,19,1212,22
484,19,1213,5
485,72,1214,78
485,72,1215,1
486,72,1216,78
486,72,1217,1
487,4,1218,7
487,4,1219,5
487,4,1220,2
488,7,1221,10
488,7,1222,5
488,7,1223,1
489,7,1224,10
489,7,1225,5
489,7,1226,1
490,81,1227,87
490,81,1228,5
490,81,1229,2
491,83,1230,89
491,83,1231,2
492,84,1232,90
492,84,1233,5
492,84,1234,2
493,54,1235,59
493,54,1236,5
494,12,1237,15
494,12,1238,1
495,85,1239,91
495,85,1240,1
495,85,1241,37
496,85,1242,91
496,85,1243,1
496,85,1244,37
497,86,1245,92
497,86,1246,1
498,87,1247,93
498,87,1248,5
498,87,1249,1
499,87,1250,93
499,87,1251,5
499,87,1252,1
500,87,1253,93
500,87,1254,5
500,87,1255,1
501,20,1256,23
501,20,1257,1
502,20,1258,23
502,20,1259,1
503,54,1260,59
503,54,1261,5
504,76,1262,82
504,76,1263,5
504,76,1264,2
505,66,1265,71
505,66,1266,1
506,71,1267,77
506,71,1268,1
507,3,1269,6
507,3,1270,5
508,45,1271,49
508,45,1272,5
509,20,1273,23
509,20,1274,1
510,72,1275,78
510,72,1276,1
511,7,1277,10
511,7,1278,5
511,7,1279,1
512,3,1280,6
512,3,1281,5
513,44,1282,48
513,44,1283,5
514,36,1284,40
514,36,1285,2
515,45,1286,49
515,45,1287,5
516,45,1288,49
516,45,1289,5
517,0,1290,0
517,0,1291,1
517,0,1292,2
518,3,1293,6
518,3,1294,5
519,88,1295,94
519,88,1296,5
520,11,1297,14
520,11,1298,5
520,11,1299,1
521,45,1300,49
521,45,1301,5
522,38,1302,42
522,38,1303,5
523,3,1304,6
523,3,1305,5
524,3,1306,6
524,3,1307,5
525,3,1308,6
525,3,1309,5
526,3,1310,6
526,3,1311,5
527,35,1312,39
528,1,1313,3
528,1,1314,1
528,1,1315,2
529,8,1316,11
529,8,1317,1
529,8,1318,2
530,2,1319,4
530,2,1320,5
530,2,1321,2
531,89,1322,95
531,89,1323,5
532,90,1324,96
532,90,1325,5
533,19,1326,22
533,19,1327,5
534,71,1328,77
534,71,1329,1
535,46,1330,50
535,46,1331,1
536,46,1332,50
536,46,1333,1
537,56,1334,61
537,56,1335,52
538,3,1336,6
538,3,1337,5
539,37,1338,41
539,37,1339,5
540,3,1340,6
540,3,1341,5
541,75,1342,81
541,75,1343,2
542,91,1344,97
543,7,1345,10
543,7,1346,5
543,7,1347,1
544,54,1348,59
544,54,1349,5
545,54,1350,59
545,54,1351,5
546,45,1352,49
546,45,1353,5
547,92,1354,98
547,92,1355,5
548,46,1356,50
548,46,1357,1
549,46,1358,50
549,46,1359,1
550,54,1360,59
550,54,1361,5
551,54,1362,59
551,54,1363,5
552,3,1364,6
552,3,1365,5
553,63,1366,68
553,63,1367,5
553,63,1368,1
554,93,1369,99
555,35,1370,39
556,42,1371,46
556,42,1372,5
557,7,1373,10
557,7,1374,5
557,7,1375,1
558,20,1376,23
558,20,1377,1
559,18,1378,21
559,18,1379,5
560,18,1380,21
560,18,1381,5
561,2,1382,4
561,2,1383,5
561,2,1384,2
562,2,1385,4
562,2,1386,5
562,2,1387,2
563,3,1388,6
563,3,1389,5
564,19,1390,22
564,19,1391,5
565,42,1392,46
565,42,1393,5
566,44,1394,48
566,44,1395,5
567,35,1396,39
568,3,1397,6
568,3,1398,5
569,0,1399,0
569,0,1400,1
569,0,1401,2
570,1,1402,3
570,1,1403,1
570,1,1404,2
571,1,1405,3
571,1,1406,1
571,1,1407,2
572,25,1408,28
572,25,1409,5
572,25,1410,1
573,25,1411,28
573,25,1412,5
573,25,1413,1
574,7,1414,10
574,7,1415,5
574,7,1416,1
575,66,1417,71
575,66,1418,1
576,28,1419,31
576,28,1420,1
577,45,1421,49
577,45,1422,5
578,45,1423,49
578,45,1424,5
579,7,1425,10
579,7,1426,5
579,7,1427,1
580,57,1428,62
580,57,1429,5
581,3,1430,6
581,3,1431,5
582,0,1432,0
582,0,1433,1
582,0,1434,2
583,94,1435,100
583,94,1436,1
583,94,1437,2
583,94,1438,37
584,12,1439,15
584,12,1440,1
585,16,1441,19
585,16,1442,5
586,12,1443,15
586,12,1444,1
587,95,1445,101
587,95,1446,5
587,95,1447,1
588,96,1448,102
588,96,1449,5
589,96,1450,102
589,96,1451,5
590,11,1452,14
590,11,1453,5
590,11,1454,1
591,11,1455,14
591,11,1456,5
591,11,1457,1
592,11,1458,14
592,11,1459,5
592,11,1460,1
593,3,1461,6
593,3,1462,5
594,4,1463,7
594,4,1464,5
594,4,1465,2
595,3,1466,6
595,3,1467,5
596,2,1468,4
596,2,1469,5
596,2,1470,2
597,4,1471,7
597,4,1472,5
597,4,1473,2
598,81,1474,87
598,81,1475,5
598,81,1476,2
599,97,1477,103
599,97,1478,104
599,97,1479,5
599,97,1480,2
600,75,1481,81
600,75,1482,2
601,58,1483,63
601,58,1484,5
601,58,1485,2
602,58,1486,63
602,58,1487,5
602,58,1488,2
603,38,1489,42
603,38,1490,5
604,50,1491,55
604,50,1492,5
605,45,1493,49
605,45,1494,5
606,19,1495,22
606,19,1496,5
607,38,1497,42
607,38,1498,5
608,98,1499,105
608,98,1500,1
608,98,1501,2
609,72,1502,78
609,72,1503,1
610,3,1504,6
610,3,1505,5
611,3,1506,6
611,3,1507,5
612,0,1508,0
612,0,1509,1
612,0,1510,2
613,58,1511,63
613,58,1512,5
613,58,1513,2
614,54,1514,59
614,54,1515,5
615,99,1516,106
615,99,1517,2
616,99,1518,106
616,99,1519,2
617,7,1520,10
617,7,1521,5
617,7,1522,1
618,7,1523,10
618,7,1524,5
618,7,1525,1
619,20,1526,23
619,20,1527,1
620,63,1528,68
620,63,1529,5
620,63,1530,1
621,3,1531,6
621,3,1532,5
622,3,1533,6
622,3,1534,5
623,3,1535,6
623,3,1536,5
624,36,1537,40
624,36,1538,2
625,2,1539,4
625,2,1540,5
625,2,1541,2
626,2,1542,4
626,2,1543,5
626,2,1544,2
627,19,1545,22
627,19,1546,5
628,19,1547,22
628,19,1548,5
629,25,1549,28
629,25,1550,5
629,25,1551,1
630,48,1552,53
630,48,1553,1
630,48,1554,2
631,51,1555,56
631,51,1556,5
632,3,1557,6
632,3,1558,5
633,100,1559,107
633,100,1560,5
634,101,1561,108
634,101,1562,109
635,18,1563,21
635,18,1564,5
636,17,1565,20
636,17,1566,5
636,17,1567,1
637,21,1568,24
637,21,1569,1
638,102,1570,110
638,102,1571,5
638,102,1572,1
639,103,1573,111
639,103,1574,1
640,104,1575,112
640,104,1576,1
641,0,1577,0
641,0,1578,1
641,0,1579,2
642,105,1580,113
642,105,1581,5
642,105,1582,1
643,106,1583,114
643,106,1584,1
644,2,1585,4
644,2,1586,5
644,2,1587,2
645,45,1588,49
645,45,1589,5
646,73,1590,79
646,73,1591,5
646,73,1592,1
647,45,1593,49
647,45,1594,5
648,3,1595,6
648,3,1596,5
649,25,1597,28
649,25,1598,5
649,25,1599,1
650,45,1600,49
650,45,1601,5
651,7,1602,10
651,7,1603,5
651,7,1604,1
652,7,1605,10
652,7,1606,5
652,7,1607,1
653,7,1608,10
653,7,1609,5
653,7,1610,1
654,6,1611,9
654,6,1612,5
654,6,1613,1
655,8,1614,11
655,8,1615,1
655,8,1616,2
656,1,1617,3
656,1,1618,1
656,1,1619,2
657,3,1620,6
657,3,1621,5
658,7,1622,10
658,7,1623,5
658,7,1624,1
659,11,1625,14
659,11,1626,5
659,11,1627,1
660,3,1628,6
660,3,1629,5
661,9,1630,12
661,9,1631,5
661,9,1632,1
661,9,1633,2
662,9,1634,12
662,9,1635,5
662,9,1636,1
662,9,1637,2
663,37,1638,41
663,37,1639,5
664,96,1640,102
664,96,1641,5
665,0,1642,0
665,0,1643,1
665,0,1644,2
666,17,1645,20
666,17,1646,5
666,17,1647,1
667,3,1648,6
667,3,1649,5
668,13,1650,16
668,13,1651,1
668,13,1652,2
669,3,1653,6
669,3,1654,5
670,2,1655,4
670,2,1656,5
670,2,1657,2
671,75,1658,81
671,75,1659,2
672,29,1660,32
672,29,1661,5
673,19,1662,22
673,19,1663,5
674,10,1664,13
674,10,1665,5
675,0,1666,0
675,0,1667,1
675,0,1668,2
676,2,1669,4
676,2,1670,5
676,2,1671,2
677,21,1672,24
677,21,1673,1
678,24,1674,27
678,24,1675,5
679,24,1676,27
679,24,1677,5
680,20,1678,23
680,20,1679,1
681,3,1680,6
681,3,1681,5
682,107,1682,115
682,107,1683,1
683,108,1684,116
683,108,1685,1
684,68,1686,73
684,68,1687,74
685,4,1688,7
685,4,1689,5
685,4,1690,2
686,2,1691,4
686,2,1692,5
686,2,1693,2
687,2,1694,4
687,2,1695,5
687,2,1696,2
688,7,1697,10
688,7,1698,5
688,7,1699,1
689,109,1700,117
689,109,1701,1
690,109,1702,117
690,109,1703,1
691,3,1704,6
691,3,1705,5
692,11,1706,14
692,11,1707,5
692,11,1708,1
693,2,1709,4
693,2,1710,5
693,2,1711,2
694,38,1712,42
694,38,1713,5
695,7,1714,10
695,7,1715,5
695,7,1716,1
696,110,1717,118
696,110,1718,5
697,111,1719,119
697,111,1720,5
698,20,1721,23
698,20,1722,1
699,12,1723,15
699,12,1724,1
700,2,1725,4
700,2,1726,5
700,2,1727,2
701,112,1728,120
701,112,1729,1
702,113,1730,121
702,113,1731,1
702,113,1732,2
703,114,1733,122
703,114,1734,104
703,114,1735,5
703,114,1736,37
704,51,1737,56
704,51,1738,5
705,42,1739,46
705,42,1740,5
706,43,1741,47
706,43,1742,5
707,18,1743,21
707,18,1744,5
708,19,1745,22
708,19,1746,5
709,3,1747,6
709,3,1748,5
710,4,1749,7
710,4,1750,5
710,4,1751,2
711,4,1752,7
711,4,1753,5
711,4,1754,2
712,3,1755,6
712,3,1756,5
713,29,1757,32
713,29,1758,5
714,79,1759,85
714,79,1760,5
715,6,1761,9
715,6,1762,5
715,6,1763,1
716,115,1764,123
716,115,1765,5
716,115,1766,2
717,116,1767,124
717,116,1768,2
718,11,1769,14
718,11,1770,5
718,11,1771,1
719,109,1772,117
719,109,1773,1
720,32,1774,35
720,32,1775,5
721,117,1776,125
721,117,1777,104
721,117,1778,5
721,117,1779,2
722,20,1780,23
722,20,1781,1
723,3,1782,6
723,3,1783,5
724,118,1784,126
724,118,1785,2
725,119,1786,127
725,119,1787,2
726,18,1788,21
726,18,1789,5
727,18,1790,21
727,18,1791,5
728,13,1792,16
728,13,1793,1
728,13,1794,2
729,120,1795,128
729,120,1796,1
729,120,1797,2
730,57,1798,62
730,57,1799,5
731,62,1800,67
731,62,1801,5
731,62,1802,37
732,46,1803,50
732,46,1804,1
733,46,1805,50
733,46,1806,1
734,2,1807,4
734,2,1808,5
734,2,1809,2
735,75,1810,81
735,75,1811,2
736,25,1812,28
736,25,1813,5
736,25,1814,1
737,7,1815,10
737,7,1816,5
737,7,1817,1
738,21,1818,24
738,21,1819,1
739,18,1820,21
739,18,1821,5
740,121,1822,129
740,121,1823,5
740,121,1824,2
740,121,1825,37
741,103,1826,111
741,103,1827,1
742,62,1828,67
742,62,1829,5
742,62,1830,37
743,62,1831,67
743,62,1832,5
743,62,1833,37
744,62,1834,67
744,62,1835,5
744,62,1836,37
745,2,1837,4
745,2,1838,5
745,2,1839,2
746,7,1840,10
746,7,1841,5
746,7,1842,1
747,11,1843,14
747,11,1844,5
747,11,1845,1
748,2,1846,4
748,2,1847,5
748,2,1848,2
749,11,1849,14
749,11,1850,5
749,11,1851,1
750,2,1852,4
750,2,1853,5
750,2,1854,2
751,2,1855,4
751,2,1856,5
751,2,1857,2
752,2,1858,4
752,2,1859,5
752,2,1860,2
753,113,1861,121
753,113,1862,1
753,113,1863,2
754,83,1864,89
754,83,1865,2
755,83,1866,89
755,83,1867,2
756,98,1868,105
756,98,1869,1
756,98,1870,2
757,46,1871,50
757,46,1872,1
758,46,1873,50
758,46,1874,1
759,122,1875,130
759,122,1876,5
759,122,1877,2
759,122,1878,37
760,123,1879,131
760,123,1880,5
760,123,1881,2
760,123,1882,37
761,3,1883,6
761,3,1884,5
762,18,1885,21
762,18,1886,5
763,75,1887,81
763,75,1888,2
764,3,1889,6
764,3,1890,5
765,37,1891,41
765,37,1892,5
766,52,1893,57
766,52,1894,5
767,18,1895,21
767,18,1896,5
768,90,1897,96
768,90,1898,5
769,90,1899,96
769,90,1900,5
770,17,1901,20
770,17,1902,5
770,17,1903,1
771,32,1904,35
771,32,1905,5
772,3,1906,6
772,3,1907,5
773,2,1908,4
773,2,1909,5
773,2,1910,2
774,2,1911,4
774,2,1912,5
774,2,1913,2
775,83,1914,89
775,83,1915,2
776,81,1916,87
776,81,1917,5
776,81,1918,2
777,97,1919,103
777,97,1920,104
777,97,1921,5
777,97,1922,2
778,2,1923,4
778,2,1924,5
778,2,1925,2
779,36,1926,40
779,36,1927,2
780,7,1928,10
780,7,1929,5
780,7,1930,1
781,7,1931,10
781,7,1932,5
781,7,1933,1
782,2,1934,4
782,2,1935,5
782,2,1936,2
783,124,1937,132
783,124,1938,5
783,124,1939,2
784,0,1940,0
784,0,1941,1
784,0,1942,2
785,75,1943,81
785,75,1944,2
786,19,1945,22
786,19,1946,5
787,3,1947,6
787,3,1948,5
788,125,1949,133
788,125,1950,1
788,125,1951,2
789,125,1952,133
789,125,1953,1
789,125,1954,2
790,126,1955,134
790,126,1956,1
791,58,1957,63
791,58,1958,5
791,58,1959,2
792,7,1960,10
792,7,1961,5
792,7,1962,1
793,58,1963,63
793,58,1964,5
793,58,1965,2
794,54,1966,59
794,54,1967,5
795,18,1968,21
795,18,1969,5
796,13,1970,16
796,13,1971,1
796,13,1972,2
797,0,1973,0
797,0,1974,1
797,0,1975,2
798,127,1976,135
799,128,1977,136
799,128,1978,1
800,129,1979,137
800,129,1980,1
801,130,1981,138
802,75,1982,81
802,75,1983,2
803,3,1984,6
803,3,1985,5
804,1,1986,3
804,1,1987,1
804,1,1988,2
805,11,1989,14
805,11,1990,5
805,11,1991,1
806,1,1992,3
806,1,1993,1
806,1,1994,2
807,9,1995,12
807,9,1996,5
807,9,1997,1
807,9,1998,2
808,2,1999,4
808,2,2000,5
808,2,2001,2
809,4,2002,7
809,4,2003,5
809,4,2004,2
810,6,2005,9
810,6,2006,5
810,6,2007,1
811,17,2008,20
811,17,2009,5
811,17,2010,1
812,17,2011,20
812,17,2012,5
812,17,2013,1
813,131,2014,139
813,131,2015,1
814,2,2016,4
814,2,2017,5
814,2,2018,2
815,4,2019,7
815,4,2020,5
815,4,2021,2
816,4,2022,7
816,4,2023,5
816,4,2024,2
817,132,2025,140
817,132,2026,5
817,132,2027,37
818,7,2028,10
818,7,2029,5
818,7,2030,1
819,133,2031,141
819,133,2032,1
820,96,2033,102
820,96,2034,5
821,134,2035,142
821,134,2036,5
822,134,2037,142
822,134,2038,5
823,4,2039,7
823,4,2040,5
823,4,2041,2
824,135,2042,143
824,135,2043,1
825,136,2044,144
825,136,2045,5
825,136,2046,1
826,136,2047,144
826,136,2048,5
826,136,2049,1
827,11,2050,14
827,11,2051,5
827,11,2052,1
828,3,2053,6
828,3,2054,5
829,137,2055,145
829,137,2056,2
829,137,2057,37
830,59,2058,64
830,59,2059,5
830,59,2060,2
830,59,2061,37
831,13,2062,16
831,13,2063,1
831,13,2064,2
832,13,2065,16
832,13,2066,1
832,13,2067,2
833,13,2068,16
833,13,2069,1
833,13,2070,2
834,3,2071,6
834,3,2072,5
835,11,2073,14
835,11,2074,5
835,11,2075,1
836,92,2076,98
836,92,2077,5
837,24,2078,27
837,24,2079,5
838,134,2080,142
838,134,2081,5
839,19,2082,22
839,19,2083,5
840,16,2084,19
840,16,2085,5
841,73,2086,79
841,73,2087,5
841,73,2088,1
842,73,2089,79
842,73,2090,5
842,73,2091,1
843,24,2092,27
843,24,2093,5
844,138,2094,146
844,138,2095,5
845,3,2096,6
845,3,2097,5
846,7,2098,10
846,7,2099,5
846,7,2100,1
847,139,2101,147
847,139,2102,5
847,139,2103,1
847,139,2104,2
847,139,2105,37
848,46,2106,50
848,46,2107,1
849,19,2108,22
849,19,2109,5
850,91,2110,97
851,46,2111,50
851,46,2112,1
852,140,2113,148
852,140,2114,5
853,7,2115,10
853,7,2116,5
853,7,2117,1
854,21,2118,24
854,21,2119,1
855,91,2120,97
856,46,2121,50
856,46,2122,1
857,141,2123,149
857,141,2124,5
857,141,2125,1
857,141,2126,37
858,142,2127,150
858,142,2128,151
859,143,2129,152
859,143,2130,1
859,143,2131,37
860,7,2132,10
860,7,2133,5
860,7,2134,1
861,46,2135,50
861,46,2136,1
862,3,2137,6
862,3,2138,5
863,68,2139,73
863,68,2140,74
864,19,2141,22
864,19,2142,5
865,144,2143,153
865,144,2144,5
866,51,2145,56
866,51,2146,5
867,145,2147,154
867,145,2148,1
868,145,2149,154
868,145,2150,1
869,146,2151,155
869,146,2152,1
870,147,2153,156
870,147,2154,1
871,148,2155,157
871,148,2156,1
872,29,2157,32
872,29,2158,5
873,38,2159,42
873,38,2160,5
874,7,2161,10
874,7,2162,5
874,7,2163,1
875,21,2164,24
875,21,2165,1
876,3,2166,6
876,3,2167,5
877,3,2168,6
877,3,2169,5
878,7,2170,10
878,7,2171,5
878,7,2172,1
879,147,2173,156
879,147,2174,1
880,46,2175,50
880,46,2176,1
881,46,2177,50
881,46,2178,1
882,37,2179,41
882,37,2180,5
883,37,2181,41
883,37,2182,5
884,149,2183,158
884,149,2184,5
885,150,2185,159
885,150,2186,5
886,7,2187,10
886,7,2188,5
886,7,2189,1
887,3,2190,6
887,3,2191,5
888,151,2192,160
888,151,2193,1
889,8,2194,11
889,8,2195,1
889,8,2196,2
890,21,2197,24
890,21,2198,1
891,3,2199,6
891,3,2200,5
892,29,2201,32
892,29,2202,5
893,151,2203,160
893,151,2204,1
894,2,2205,4
894,2,2206,5
894,2,2207,2
895,86,2208,92
895,86,2209,1
896,40,2210,44
896,40,2211,5
897,152,2212,161
897,152,2213,1
898,153,2214,162
898,153,2215,5
898,153,2216,37
899,46,2217,50
899,46,2218,1
900,7,2219,10
900,7,2220,5
900,7,2221,1
901,7,2222,10
901,7,2223,5
901,7,2224,1
902,92,2225,98
902,92,2226,5
903,96,2227,102
903,96,2228,5
904,154,2229,163
904,154,2230,5
905,0,2231,0
905,0,2232,1
905,0,2233,2
906,88,2234,94
906,88,2235,5
907,7,2236,10
907,7,2237,5
907,7,2238,1
908,18,2239,21
908,18,2240,5
909,18,2241,21
909,18,2242,5
910,155,2243,164
910,155,2244,1
911,16,2245,19
911,16,2246,5
912,45,2247,49
912,45,2248,5
913,3,2249,6
913,3,2250,5
914,3,2251,6
914,3,2252,5
915,109,2253,117
915,109,2254,1
916,21,2255,24
916,21,2256,1
917,75,2257,81
917,75,2258,2
918,156,2259,165
918,156,2260,5
919,156,2261,165
919,156,2262,5
920,157,2263,166
921,158,2264,167
921,158,2265,1
922,159,2266,168
922,159,2267,5
922,159,2268,37
923,37,2269,41
923,37,2270,5
924,37,2271,41
924,37,2272,5
925,160,2273,169
925,160,2274,5
926,148,2275,157
926,148,2276,1
927,161,2277,170
927,161,2278,171
928,55,2279,60
928,55,2280,5
929,99,2281,106
929,99,2282,2
930,7,2283,10
930,7,2284,5
930,7,2285,1
931,46,2286,50
931,46,2287,1
932,21,2288,24
932,21,2289,1
933,57,2290,62
933,57,2291,5
934,91,2292,97
935,157,2293,166
936,157,2294,166
937,147,2295,156
937,147,2296,1
938,25,2297,28
938,25,2298,5
938,25,2299,1
939,155,2300,164
939,155,2301,1
940,46,2302,50
940,46,2303,1
941,147,2304,156
941,147,2305,1
942,3,2306,6
942,3,2307,5
943,24,2308,27
943,24,2309,5
944,42,2310,46
944,42,2311,5
945,43,2312,47
945,43,2313,5
946,7,2314,10
946,7,2315,5
946,7,2316,1
947,55,2317,60
947,55,2318,5
948,46,2319,50
948,46,2320,1
949,46,2321,50
949,46,2322,1
950,12,2323,15
950,12,2324,1
951,19,2325,22
951,19,2326,5
952,32,2327,35
952,32,2328,5
953,7,2329,10
953,7,2330,5
953,7,2331,1
954,46,2332,50
954,46,2333,1
955,46,2334,50
955,46,2335,1
956,3,2336,6
956,3,2337,5
957,7,2338,10
957,7,2339,5
957,7,2340,1
958,1,2341,3
958,1,2342,1
958,1,2343,2
959,25,2344,28
959,25,2345,5
959,25,2346,1
960,25,2347,28
960,25,2348,5
960,25,2349,1
961,157,2350,166
962,19,2351,22
962,19,2352,5
963,19,2353,22
963,19,2354,5
964,162,2355,172
965,109,2356,117
965,109,2357,1
966,28,2358,31
966,28,2359,1
967,163,2360,173
967,163,2361,5
967,163,2362,1
967,163,2363,37
968,45,2364,49
968,45,2365,5
969,3,2366,6
969,3,2367,5
970,62,2368,67
970,62,2369,5
970,62,2370,37
971,148,2371,157
971,148,2372,1
972,161,2373,170
972,161,2374,171
973,42,2375,46
973,42,2376,5
974,43,2377,47
974,43,2378,5
975,164,2379,174
975,164,2380,5
976,46,2381,50
976,46,2382,1
977,11,2383,14
977,11,2384,5
977,11,2385,1
978,165,2386,175
978,165,2387,74
979,46,2388,50
979,46,2389,1
980,100,2390,107
980,100,2391,5
981,100,2392,107
981,100,2393,5
982,23,2394,26
982,23,2395,1
982,23,2396,2
983,1,2397,3
983,1,2398,1
983,1,2399,2
984,166,2400,176
984,166,2401,1
985,12,2402,15
985,12,2403,1
986,7,2404,10
986,7,2405,5
986,7,2406,1
987,7,2407,10
987,7,2408,5
987,7,2409,1
988,3,2410,6
988,3,2411,5
989,134,2412,142
989,134,2413,5
990,151,2414,160
990,151,2415,1
991,13,2416,16
991,13,2417,1
991,13,2418,2
992,167,2419,177
992,167,2420,1
993,3,2421,6
993,3,2422,5
994,46,2423,50
994,46,2424,1
995,99,2425,106
995,99,2426,2
996,3,2427,6
996,3,2428,5
997,46,2429,50
997,46,2430,1
998,46,2431,50
998,46,2432,1
999,3,2433,6
999,3,2434,5
1000,46,2435,50
1000,46,2436,1
1001,7,2437,10
1001,7,2438,5
1001,7,2439,1
1002,168,2440,178
1002,168,2441,1
1003,141,2442,149
1003,141,2443,5
1003,141,2444,1
1003,141,2445,37
1004,46,2446,50
1004,46,2447,1
1005,3,2448,6
1005,3,2449,5
1006,72,2450,78
1006,72,2451,1
1007,72,2452,78
1007,72,2453,1
1008,37,2454,41
1008,37,2455,5
1009,12,2456,15
1009,12,2457,1
1010,2,2458,4
1010,2,2459,5
1010,2,2460,2
1011,143,2461,152
1011,143,2462,1
1011,143,2463,37
1012,143,2464,152
1012,143,2465,1
1012,143,2466,37
1013,80,2467,86
1013,80,2468,5
1014,169,2469,179
1014,169,2470,5
1015,2,2471,4
1015,2,2472,5
1015,2,2473,2
1016,46,2474,50
1016,46,2475,1
1017,123,2476,131
1017,123,2477,5
1017,123,2478,2
1017,123,2479,37
1018,170,2480,180
1018,170,2481,104
1018,170,2482,5
1018,170,2483,37
1019,170,2484,180
1019,170,2485,104
1019,170,2486,5
1019,170,2487,37
1020,2,2488,4
1020,2,2489,5
1020,2,2490,2
1021,171,2491,181
1021,171,2492,2
1022,171,2493,181
1022,171,2494,2
1023,151,2495,160
1023,151,2496,1
1024,172,2497,182
1024,172,2498,1
1025,173,2499,183
1025,173,2500,5
1026,51,2501,56
1026,51,2502,5
1027,51,2503,56
1027,51,2504,5
1028,64,2505,69
1028,64,2506,5
1029,46,2507,50
1029,46,2508,1
1030,20,2509,23
1030,20,2510,1
1031,161,2511,170
1031,161,2512,171
1032,25,2513,28
1032,25,2514,5
1032,25,2515,1
1033,7,2516,10
1033,7,2517,5
1033,7,2518,1
1034,31,2519,34
1034,31,2520,1
1035,20,2521,23
1035,20,2522,1
1036,20,2523,23
1036,20,2524,1
1037,163,2525,173
1037,163,2526,5
1037,163,2527,1
1037,163,2528,37
1038,25,2529,28
1038,25,2530,5
1038,25,2531,1
1039,25,2532,28
1039,25,2533,5
1039,25,2534,1
1040,75,2535,81
1040,75,2536,2
1041,2,2537,4
1041,2,2538,5
1041,2,2539,2
1042,32,2540,35
1042,32,2541,5
1043,146,2542,155
1043,146,2543,1
1044,147,2544,156
1044,147,2545,1
1045,174,2546,184
1045,174,2547,5
1045,174,2548,1
1046,175,2549,185
1046,175,2550,1
1047,20,2551,23
1047,20,2552,1
1048,46,2553,50
1048,46,2554,1
1049,151,2555,160
1049,151,2556,1
1050,176,2557,186
1050,176,2558,5
1050,176,2559,1
1051,71,2560,77
1051,71,2561,1
1052,81,2562,87
1052,81,2563,5
1052,81,2564,2
1053,81,2565,87
1053,81,2566,5
1053,81,2567,2
1054,83,2568,89
1054,83,2569,2
1055,151,2570,160
1055,151,2571,1
1056,19,2572,22
1056,19,2573,5
1057,2,2574,4
1057,2,2575,5
1057,2,2576,2
1058,52,2577,57
1058,52,2578,5
1059,52,2579,57
1059,52,2580,5
1060,21,2581,24
1060,21,2582,1
1061,21,2583,24
1061,21,2584,1
1062,45,2585,49
1062,45,2586,5
1063,177,2587,187
1063,177,2588,1
1063,177,2589,2
1064,51,2590,56
1064,51,2591,5
1065,35,2592,39
1066,18,2593,21
1066,18,2594,5
1067,76,2595,82
1067,76,2596,5
1067,76,2597,2
1068,37,2598,41
1068,37,2599,5
1069,37,2600,41
1069,37,2601,5
1070,20,2602,23
1070,20,2603,1
1071,146,2604,155
1071,146,2605,1
1072,25,2606,28
1072,25,2607,5
1072,25,2608,1
1073,152,2609,161
1073,152,2610,1
1074,99,2611,106
1074,99,2612,2
1075,148,2613,157
1075,148,2614,1
1076,148,2615,157
1076,148,2616,1
1077,161,2617,170
1077,161,2618,171
1078,7,2619,10
1078,7,2620,5
1078,7,2621,1
1079,151,2622,160
1079,151,2623,1
1080,178,2624,188
1080,178,2625,74
1081,55,2626,60
1081,55,2627,5
1082,32,2628,35
1082,32,2629,5
1083,24,2630,27
1083,24,2631,5
1084,24,2632,27
1084,24,2633,5
1085,179,2634,189
1085,179,2635,5
1086,20,2636,23
1086,20,2637,1
1087,25,2638,28
1087,25,2639,5
1087,25,2640,1
1088,168,2641,178
1088,168,2642,1
1089,24,2643,27
1089,24,2644,5
1090,144,2645,153
1090,144,2646,5
1091,46,2647,50
1091,46,2648,1
1092,3,2649,6
1092,3,2650,5
1093,7,2651,10
1093,7,2652,5
1093,7,2653,1
1094,75,2654,81
1094,75,2655,2
1095,41,2656,45
1095,41,2657,5
1096,32,2658,35
1096,32,2659,5
1097,109,2660,117
1097,109,2661,1
1098,146,2662,155
1098,146,2663,1
1099,46,2664,50
1099,46,2665,1
1100,7,2666,10
1100,7,2667,5
1100,7,2668,1
1101,10,2669,13
1101,10,2670,5
1102,2,2671,4
1102,2,2672,5
1102,2,2673,2
1103,75,2674,81
1103,75,2675,2
1104,151,2676,160
1104,151,2677,1
1105,18,2678,21
1105,18,2679,5
1106,24,2680,27
1106,24,2681,5
1107,46,2682,50
1107,46,2683,1
1108,180,2684,190
1108,180,2685,5
1109,181,2686,191
1109,181,2687,192
1110,18,2688,21
1110,18,2689,5
1111,18,2690,21
1111,18,2691,5
1112,46,2692,50
1112,46,2693,1
1113,3,2694,6
1113,3,2695,5
1114,46,2696,50
1114,46,2697,1
1115,165,2698,175
1115,165,2699,74
1116,68,2700,73
1116,68,2701,74
1117,46,2702,50
1117,46,2703,1
1118,3,2704,6
1118,3,2705,5
1119,46,2706,50
1119,46,2707,1
1120,7,2708,10
1120,7,2709,5
1120,7,2710,1
1121,33,2711,36
1121,33,2712,5
1121,33,2713,37
1122,3,2714,6
1122,3,2715,5
1123,3,2716,6
1123,3,2717,5
1124,37,2718,41
1124,37,2719,5
1125,182,2720,193
1125,182,2721,1
1126,7,2722,10
1126,7,2723,5
1126,7,2724,1
1127,3,2725,6
1127,3,2726,5
1128,165,2727,175
1128,165,2728,74
1129,41,2729,45
1129,41,2730,5
1130,46,2731,50
1130,46,2732,1
1131,30,2733,33
1131,30,2734,5
1132,37,2735,41
1132,37,2736,5
1133,37,2737,41
1133,37,2738,5
1134,183,2739,194
1134,183,2740,5
1135,144,2741,153
1135,144,2742,5
1136,144,2743,153
1136,144,2744,5
1137,155,2745,164
1137,155,2746,1
1138,46,2747,50
1138,46,2748,1
1139,46,2749,50
1139,46,2750,1
1140,7,2751,10
1140,7,2752,5
1140,7,2753,1
1141,7,2754,10
1141,7,2755,5
1141,7,2756,1
1142,161,2757,170
1142,161,2758,171
1143,7,2759,10
1143,7,2760,5
1143,7,2761,1
1144,7,2762,10
1144,7,2763,5
1144,7,2764,1
1145,62,2765,67
1145,62,2766,5
1145,62,2767,37
1146,62,2768,67
1146,62,2769,5
1146,62,2770,37
1147,62,2771,67
1147,62,2772,5
1147,62,2773,37
1148,146,2774,155
1148,146,2775,1
1149,46,2776,50
1149,46,2777,1
1150,7,2778,10
1150,7,2779,5
1150,7,2780,1
1151,168,2781,178
1151,168,2782,1
1152,25,2783,28
1152,25,2784,5
1152,25,2785,1
1153,184,2786,195
1153,184,2787,1
1154,24,2788,27
1154,24,2789,5
1155,185,2790,196
1155,185,2791,5
1156,41,2792,45
1156,41,2793,5
1157,46,2794,50
1157,46,2795,1
1158,148,2796,157
1158,148,2797,1
1159,158,2798,167
1159,158,2799,1
1160,46,2800,50
1160,46,2801,1
1161,186,2802,197
1161,186,2803,5
1162,3,2804,6
1162,3,2805,5
1163,46,2806,50
1163,46,2807,1
1164,146,2808,155
1164,146,2809,1
1165,146,2810,155
1165,146,2811,1
1166,187,2812,198
1167,188,2813,199
1167,188,2814,1
1168,188,2815,199
1168,188,2816,1
1169,46,2817,50
1169,46,2818,1
1170,128,2819,136
1170,128,2820,1
1171,129,2821,137
1171,129,2822,1
1172,129,2823,137
1172,129,2824,1
1173,20,2825,23
1173,20,2826,1
1174,46,2827,50
1174,46,2828,1
1175,46,2829,50
1175,46,2830,1
1176,157,2831,166
1177,161,2832,170
1177,161,2833,171
1178,46,2834,50
1178,46,2835,1
1179,46,2836,50
1179,46,2837,1
1180,145,2838,154
1180,145,2839,1
1181,140,2840,148
1181,140,2841,5
1182,189,2842,200
1182,189,2843,5
1182,189,2844,1
1183,190,2845,201
1183,190,2846,5
1184,37,2847,41
1184,37,2848,5
1185,146,2849,155
1185,146,2850,1
1186,191,2851,202
1186,191,2852,203
1187,7,2853,10
1187,7,2854,5
1187,7,2855,1
1188,3,2856,6
1188,3,2857,5
1189,3,2858,6
1189,3,2859,5
1190,25,2860,28
1190,25,2861,5
1190,25,2862,1
1191,158,2863,167
1191,158,2864,1
1192,158,2865,167
1192,158,2866,1
1193,148,2867,157
1193,148,2868,1
1194,192,2869,204
1194,192,2870,5
1194,192,2871,1
1195,145,2872,154
1195,145,2873,1
1196,155,2874,164
1196,155,2875,1
1197,188,2876,199
1197,188,2877,1
1198,19,2878,22
1198,19,2879,5
1199,46,2880,50
1199,46,2881,1
1200,155,2882,164
1200,155,2883,1
1201,46,2884,50
1201,46,2885,1
1202,3,2886,6
1202,3,2887,5
1203,46,2888,50
1203,46,2889,1
1204,38,2890,42
1204,38,2891,5
1205,38,2892,42
1205,38,2893,5
1206,42,2894,46
1206,42,2895,5
1207,42,2896,46
1207,42,2897,5
1208,21,2898,24
1208,21,2899,1
1209,46,2900,50
1209,46,2901,1
1210,109,2902,117
1210,109,2903,1
1211,19,2904,22
1211,19,2905,5
1212,46,2906,50
1212,46,2907,1
1213,16,2908,19
1213,16,2909,5
1214,3,2910,6
1214,3,2911,5
1215,19,2912,22
1215,19,2913,5
1216,32,2914,35
1216,32,2915,5
1217,190,2916,201
1217,190,2917,5
1218,46,2918,50
1218,46,2919,1
1219,46,2920,50
1219,46,2921,1
1220,46,2922,50
1220,46,2923,1
1221,23,2924,26
1221,23,2925,1
1221,23,2926,2
1222,82,2927,88
1222,82,2928,1
1223,193,2929,205
1223,193,2930,1
1224,194,2931,206
1224,194,2932,1
1225,195,2933,207
1225,195,2934,1
1226,7,2935,10
1226,7,2936,5
1226,7,2937,1
1227,196,2938,208
1227,196,2939,1
1228,55,2940,60
1228,55,2941,5
1229,54,2942,59
1229,54,2943,5
1230,182,2944,193
1230,182,2945,1
1231,7,2946,10
1231,7,2947,5
1231,7,2948,1
1232,148,2949,157
1232,148,2950,1
1233,46,2951,50
1233,46,2952,1
1234,3,2953,6
1234,3,2954,5
1235,3,2955,6
1235,3,2956,5
1236,46,2957,50
1236,46,2958,1
1237,46,2959,50
1237,46,2960,1
1238,7,2961,10
1238,7,2962,5
1238,7,2963,1
1239,2,2964,4
1239,2,2965,5
1239,2,2966,2
1240,6,2967,9
1240,6,2968,5
1240,6,2969,1
1241,42,2970,46
1241,42,2971,5
1242,146,2972,155
1242,146,2973,1
1243,146,2974,155
1243,146,2975,1
1244,147,2976,156
1244,147,2977,1
1245,148,2978,157
1245,148,2979,1
1246,197,2980,209
1246,197,2981,1
1247,38,2982,42
1247,38,2983,5
1248,198,2984,210
1249,46,2985,50
1249,46,2986,1
1250,46,2987,50
1250,46,2988,1
1251,109,2989,117
1251,109,2990,1
1252,81,2991,87
1252,81,2992,5
1252,81,2993,2
1253,81,2994,87
1253,81,2995,5
1253,81,2996,2
1254,16,2997,19
1254,16,2998,5
1255,46,2999,50
1255,46,3000,1
1256,157,3001,166
1257,7,3002,10
1257,7,3003,5
1257,7,3004,1
1258,7,3005,10
1258,7,3006,5
1258,7,3007,1
1259,25,3008,28
1259,25,3009,5
1259,25,3010,1
1260,157,3011,166
1261,199,3012,211
1261,199,3013,5
1262,190,3014,201
1262,190,3015,5
1263,21,3016,24
1263,21,3017,1
1264,7,3018,10
1264,7,3019,5
1264,7,3020,1
1265,168,3021,178
1265,168,3022,1
1266,3,3023,6
1266,3,3024,5
1267,3,3025,6
1267,3,3026,5
1268,155,3027,164
1268,155,3028,1
1269,200,3029,212
1269,200,3030,1
1270,7,3031,10
1270,7,3032,5
1270,7,3033,1
1271,37,3034,41
1271,37,3035,5
1272,151,3036,160
1272,151,3037,1
1273,3,3038,6
1273,3,3039,5
1274,19,3040,22
1274,19,3041,5
1275,155,3042,164
1275,155,3043,1
1276,201,3044,213
1276,201,3045,5
1277,146,3046,155
1277,146,3047,1
1278,3,3048,6
1278,3,3049,5
1279,20,3050,23
1279,20,3051,1
1280,19,3052,22
1280,19,3053,5
1281,2,3054,4
1281,2,3055,5
1281,2,3056,2
1282,7,3057,10
1282,7,3058,5
1282,7,3059,1
1283,46,3060,50
1283,46,3061,1
1284,32,3062,35
1284,32,3063,5
1285,176,3064,186
1285,176,3065,5
1285,176,3066,1
1286,202,3067,214
1286,202,3068,74
1287,20,3069,23
1287,20,3070,1
1288,57,3071,62
1288,57,3072,5
1289,68,3073,73
1289,68,3074,74
1290,148,3075,157
1290,148,3076,1
1291,158,3077,167
1291,158,3078,1
1292,158,3079,167
1292,158,3080,1
1293,68,3081,73
1293,68,3082,74
1294,151,3083,160
1294,151,3084,1
1295,40,3085,44
1295,40,3086,5
1296,45,3087,49
1296,45,3088,5
1297,25,3089,28
1297,25,3090,5
1297,25,3091,1
1298,25,3092,28
1298,25,3093,5
1298,25,3094,1
1299,203,3095,215
1299,203,3096,74
1300,203,3097,215
1300,203,3098,74
1301,32,3099,35
1301,32,3100,5
1302,204,3101,216
1303,205,3102,217
1303,205,3103,1
1304,148,3104,157
1304,148,3105,1
1305,188,3106,199
1305,188,3107,1
1306,176,3108,186
1306,176,3109,5
1306,176,3110,1
1307,182,3111,193
1307,182,3112,1
1308,206,3113,218
1308,206,3114,5
1309,190,3115,201
1309,190,3116,5
1310,46,3117,50
1310,46,3118,1
1311,32,3119,35
1311,32,3120,5
1312,46,3121,50
1312,46,3122,1
1313,166,3123,176
1313,166,3124,1
1314,41,3125,45
1314,41,3126,5
1315,146,3127,155
1315,146,3128,1
1316,55,3129,60
1316,55,3130,5
1317,155,3131,164
1317,155,3132,1
1318,155,3133,164
1318,155,3134,1
1319,207,3135,219
1319,207,3136,1
1320,95,3137,101
1320,95,3138,5
1320,95,3139,1
1321,146,3140,155
1321,146,3141,1
1322,208,3142,220
1322,208,3143,74
1323,209,3144,221
1324,3,3145,6
1324,3,3146,5
1325,51,3147,56
1325,51,3148,5
1326,51,3149,56
1326,51,3150,5
1327,19,3151,22
1327,19,3152,5
1328,41,3153,45
1328,41,3154,5
1329,109,3155,117
1329,109,3156,1
1330,155,3157,164
1330,155,3158,1
1331,143,3159,152
1331,143,3160,1
1331,143,3161,37
1332,3,3162,6
1332,3,3163,5
1333,46,3164,50
1333,46,3165,1
1334,46,3166,50
1334,46,3167,1
1335,7,3168,10
1335,7,3169,5
1335,7,3170,1
1336,57,3171,62
1336,57,3172,5
1337,99,3173,106
1337,99,3174,2
1338,46,3175,50
1338,46,3176,1
1339,46,3177,50
1339,46,3178,1
1340,174,3179,184
1340,174,3180,5
1340,174,3181,1
1341,109,3182,117
1341,109,3183,1
1342,46,3184,50
1342,46,3185,1
1343,210,3186,222
1343,210,3187,1
1344,42,3188,46
1344,42,3189,5
1345,46,3190,50
1345,46,3191,1
1346,46,3192,50
1346,46,3193,1
1347,109,3194,117
1347,109,3195,1
1348,211,3196,223
1348,211,3197,5
1349,211,3198,223
1349,211,3199,5
1350,148,3200,157
1350,148,3201,1
1351,212,3202,224
1351,212,3203,1
1352,182,3204,193
1352,182,3205,1
1353,188,3206,199
1353,188,3207,1
1354,148,3208,157
1354,148,3209,1
1355,161,3210,170
1355,161,3211,171
1356,19,3212,22
1356,19,3213,5
1357,7,3214,10
1357,7,3215,5
1357,7,3216,1
1358,7,3217,10
1358,7,3218,5
1358,7,3219,1
1359,7,3220,10
1359,7,3221,5
1359,7,3222,1
1360,19,3223,22
1360,19,3224,5
1361,46,3225,50
1361,46,3226,1
1362,163,3227,173
1362,163,3228,5
1362,163,3229,1
1362,163,3230,37
1363,163,3231,173
1363,163,3232,5
1363,163,3233,1
1363,163,3234,37
1364,109,3235,117
1364,109,3236,1
1365,7,3237,10
1365,7,3238,5
1365,7,3239,1
1366,40,3240,44
1366,40,3241,5
1367,153,3242,162
1367,153,3243,5
1367,153,3244,37
1368,145,3245,154
1368,145,3246,1
1369,46,3247,50
1369,46,3248,1
1370,19,3249,22
1370,19,3250,5
1371,37,3251,41
1371,37,3252,5
1372,37,3253,41
1372,37,3254,5
1373,160,3255,169
1373,160,3256,5
1374,213,3257,225
1374,213,3258,1
1375,146,3259,155
1375,146,3260,1
1376,199,3261,211
1376,199,3262,5
1377,199,3263,211
1377,199,3264,5
1378,46,3265,50
1378,46,3266,1
1379,192,3267,204
1379,192,3268,5
1379,192,3269,1
1380,192,3270,204
1380,192,3271,5
1380,192,3272,1
1381,46,3273,50
1381,46,3274,1
1382,196,3275,208
1382,196,3276,1
1383,214,3277,226
1384,63,3278,68
1384,63,3279,5
1384,63,3280,1
1385,7,3281,10
1385,7,3282,5
1385,7,3283,1
1386,3,3284,6
1386,3,3285,5
1387,46,3286,50
1387,46,3287,1
1388,46,3288,50
1388,46,3289,1
1389,155,3290,164
1389,155,3291,1
1390,200,3292,212
1390,200,3293,1
1391,38,3294,42
1391,38,3295,5
1392,7,3296,10
1392,7,3297,5
1392,7,3298,1
1393,38,3299,42
1393,38,3300,5
1394,3,3301,6
1394,3,3302,5
1395,7,3303,10
1395,7,3304,5
1395,7,3305,1
1396,148,3306,157
1396,148,3307,1
1397,148,3308,157
1397,148,3309,1
1398,212,3310,224
1398,212,3311,1
1399,215,3312,227
1399,215,3313,1
1400,216,3314,228
1400,216,3315,74
1400,216,3316,1
1401,206,3317,218
1401,206,3318,5
1402,217,3319,229
1402,217,3320,5
1403,3,3321,6
1403,3,3322,5
1404,3,3323,6
1404,3,3324,5
1405,37,3325,41
1405,37,3326,5
1406,41,3327,45
1406,41,3328,5
1407,32,3329,35
1407,32,3330,5
1408,218,3331,230
1409,219,3332,231
1409,219,3333,5
1410,158,3334,167
1410,158,3335,1
1411,212,3336,224
1411,212,3337,1
1412,157,3338,166
1413,146,3339,155
1413,146,3340,1
1414,196,3341,208
1414,196,3342,1
1415,220,3343,232
1415,220,3344,233
1416,32,3345,35
1416,32,3346,5
1417,221,3347,234
1417,221,3348,5
1418,222,3349,235
1418,222,3350,236
1418,222,3351,1
1419,143,3352,152
1419,143,3353,1
1419,143,3354,37
1420,12,3355,15
1420,12,3356,1
1421,223,3357,237
1421,223,3358,1
1422,46,3359,50
1422,46,3360,1
1423,196,3361,208
1423,196,3362,1
1424,158,3363,167
1424,158,3364,1
1425,190,3365,201
1425,190,3366,5
1426,3,3367,6
1426,3,3368,5
1427,3,3369,6
1427,3,3370,5
1428,224,3371,238
1428,224,3372,74
1429,225,3373,239
1429,225,3374,74
1430,225,3375,239
1430,225,3376,74
1431,154,3377,163
1431,154,3378,5
1432,226,3379,240
1432,226,3380,5
1433,146,3381,155
1433,146,3382,1
1434,46,3383,50
1434,46,3384,1
1435,46,3385,50
1435,46,3386,1
1436,46,3387,50
1436,46,3388,1
1437,91,3389,97
1438,227,3390,241
1438,227,3391,5
1439,46,3392,50
1439,46,3393,1
1440,146,3394,155
1440,146,3395,1
1441,46,3396,50
1441,46,3397,1
1442,42,3398,46
1442,42,3399,5
1443,42,3400,46
1443,42,3401,5
1444,53,3402,58
1444,53,3403,5
1445,19,3404,22
1445,19,3405,5
1446,157,3406,166
1447,32,3407,35
1447,32,3408,5
1448,32,3409,35
1448,32,3410,5
1449,3,3411,6
1449,3,3412,5
1450,75,3413,81
1450,75,3414,2
1451,2,3415,4
1451,2,3416,5
1451,2,3417,2
1452,45,3418,49
1452,45,3419,5
1453,188,3420,199
1453,188,3421,1
1454,146,3422,155
1454,146,3423,1
1455,4,3424,7
1455,4,3425,5
1455,4,3426,2
1456,205,3427,217
1456,205,3428,1
1457,32,3429,35
1457,32,3430,5
1458,46,3431,50
1458,46,3432,1
1459,158,3433,167
1459,158,3434,1
1460,228,3435,242
1460,228,3436,74
1461,68,3437,73
1461,68,3438,74
1462,57,3439,62
1462,57,3440,5
1463,146,3441,155
1463,146,3442,1
1464,146,3443,155
1464,146,3444,1
1465,109,3445,117
1465,109,3446,1
1466,46,3447,50
1466,46,3448,1
1467,2,3449,4
1467,2,3450,5
1467,2,3451,2
1468,7,3452,10
1468,7,3453,5
1468,7,3454,1
1469,63,3455,68
1469,63,3456,5
1469,63,3457,1
1470,158,3458,167
1470,158,3459,1
1471,229,3460,243
1471,229,3461,5
1472,180,3462,190
1472,180,3463,5
1473,46,3464,50
1473,46,3465,1
1474,46,3466,50
1474,46,3467,1
1475,155,3468,164
1475,155,3469,1
1476,155,3470,164
1476,155,3471,1
1477,155,3472,164
1477,155,3473,1
1478,42,3474,46
1478,42,3475,5
1479,144,3476,153
1479,144,3477,5
1480,81,3478,87
1480,81,3479,5
1480,81,3480,2
1481,81,3481,87
1481,81,3482,5
1481,81,3483,2
1482,230,3484,244
1482,230,3485,5
1482,230,3486,37
1483,3,3487,6
1483,3,3488,5
1484,3,3489,6
1484,3,3490,5
1485,7,3491,10
1485,7,3492,5
1485,7,3493,1
1486,99,3494,106
1486,99,3495,2
1487,41,3496,45
1487,41,3497,5
1488,41,3498,45
1488,41,3499,5
1489,21,3500,24
1489,21,3501,1
1490,7,3502,10
1490,7,3503,5
1490,7,3504,1
1491,57,3505,62
1491,57,3506,5
1492,146,3507,155
1492,146,3508,1
1493,157,3509,166
1494,158,3510,167
1494,158,3511,1
1495,19,3512,22
1495,19,3513,5
1496,231,3514,245
1497,231,3515,245
1498,232,3516,246
1499,233,3517,247
1500,161,3518,170
1500,161,3519,171
1501,109,3520,117
1501,109,3521,1
1502,7,3522,10
1502,7,3523,5
1502,7,3524,1
1503,55,3525,60
1503,55,3526,5
1504,157,3527,166
1505,234,3528,248
1505,234,3529,236
1506,3,3530,6
1506,3,3531,5
1507,3,3532,6
1507,3,3533,5
1508,235,3534,249
1509,158,3535,167
1509,158,3536,1
1510,235,3537,249
1511,2,3538,4
1511,2,3539,5
1511,2,3540,2
1512,236,3541,250
1513,236,3542,250
1514,158,3543,167
1514,158,3544,1
1515,235,3545,249
1516,46,3546,50
1516,46,3547,1
1517,46,3548,50
1517,46,3549,1
1518,233,3550,247
1519,236,3551,250
1520,237,3552,251
1521,238,3553,252
1522,157,3554,166
1523,25,3555,28
1523,25,3556,5
1523,25,3557,1
1524,239,3558,253
1524,239,3559,2
1525,161,3560,170
1525,161,3561,171
1526,157,3562,166
1527,37,3563,41
1527,37,3564,5
1528,37,3565,41
1528,37,3566,5
1529,14,3567,17
1529,14,3568,5
1529,14,3569,1
1530,32,3570,35
1530,32,3571,5
1531,157,3572,166
1532,161,3573,170
1532,161,3574,171
1533,240,3575,254
1534,157,3576,166
1535,54,3577,59
1535,54,3578,5
1536,232,3579,246
1537,234,3580,248
1537,234,3581,236
1538,241,3582,170
1538,241,3583,233
1539,157,3584,166
1540,235,3585,249
1541,235,3586,249
1542,157,3587,166
1543,16,3588,19
1543,16,3589,5
1544,21,3590,24
1544,21,3591,1
1545,109,3592,117
1545,109,3593,1
1546,21,3594,24
1546,21,3595,1
1547,161,3596,170
1547,161,3597,171
1548,46,3598,50
1548,46,3599,1
1549,157,3600,166
1550,24,3601,27
1550,24,3602,5
1551,35,3603,39
1552,157,3604,166
1553,157,3605,166
1554,242,3606,255
1554,242,3607,1
1555,7,3608,10
1555,7,3609,5
1555,7,3610,1
1556,209,3611,221
1557,243,3612,256
1558,244,3613,257
1558,244,3614,5
1559,51,3615,56
1559,51,3616,5
1560,46,3617,50
1560,46,3618,1
1561,51,3619,56
1561,51,3620,5
1562,3,3621,6
1562,3,3622,5
1563,16,3623,19
1563,16,3624,5
1564,157,3625,166
1565,245,3626,258
1565,245,3627,1
1566,245,3628,258
1566,245,3629,1
1567,245,3630,258
1567,245,3631,1
1568,87,3632,93
1568,87,3633,5
1568,87,3634,1
1569,43,3635,47
1569,43,3636,5
1570,46,3637,50
1570,46,3638,1
1571,146,3639,155
1571,146,3640,1
1572,157,3641,166
1573,46,3642,50
1573,46,3643,1
1574,235,3644,249
1575,161,3645,170
1575,161,3646,171
1576,157,3647,166
1577,246,3648,259
1577,246,3649,5
1578,233,3650,247
1579,2,3651,4
1579,2,3652,5
1579,2,3653,2
1580,8,3654,11
1580,8,3655,1
1580,8,3656,2
1581,157,3657,166
1582,247,3658,260
1583,237,3659,251
1584,3,3660,6
1584,3,3661,5
1585,232,3662,246
1586,248,3663,261
1587,180,3664,190
1587,180,3665,5
1588,180,3666,190
1588,180,3667,5
1589,190,3668,201
1589,190,3669,5
1590,157,3670,166
1591,249,3671,262
1592,168,3672,178
1592,168,3673,1
1593,231,3674,245
1594,157,3675,166
1595,3,3676,6
1595,3,3677,5
1596,157,3678,166
1597,250,3679,263
1598,157,3680,166
1599,157,3681,166
1600,157,3682,166
1601,3,3683,6
1601,3,3684,5
1602,3,3685,6
1602,3,3686,5
1603,25,3687,28
1603,25,3688,5
1603,25,3689,1
1604,251,3690,264
1604,251,3691,265
1605,7,3692,10
1605,7,3693,5
1605,7,3694,1
1606,252,3695,266
1607,253,3696,267
1607,253,3697,171
1608,141,3698,149
1608,141,3699,5
1608,141,3700,1
1608,141,3701,37
1609,161,3702,170
1609,161,3703,171
1610,157,3704,166
1611,254,3705,268
1612,161,3706,170
1612,161,3707,171
1613,3,3708,6
1613,3,3709,5
1614,25,3710,28
1614,25,3711,5
1614,25,3712,1
1615,152,3713,161
1615,152,3714,1
1616,146,3715,155
1616,146,3716,1
1617,147,3717,156
1617,147,3718,1
1618,41,3719,45
1618,41,3720,5
1619,157,3721,166
1620,3,3722,6
1620,3,3723,5
1621,157,3724,166
1622,157,3725,166
1623,236,3726,250
1624,3,3727,6
1624,3,3728,5
1625,252,3729,266
1626,109,3730,117
1626,109,3731,1
1627,91,3732,97
1628,146,3733,155
1628,146,3734,1
1629,147,3735,156
1629,147,3736,1
1630,25,3737,28
1630,25,3738,5
1630,25,3739,1
1631,236,3740,250
1632,231,3741,245
1633,255,3742,269
1634,7,3743,10
1634,7,3744,5
1634,7,3745,1
1635,10,3746,13
1635,10,3747,5
1636,212,3748,224
1636,212,3749,1
1637,46,3750,50
1637,46,3751,1
1638,256,3752,270
1638,256,3753,5
1638,256,3754,271
1639,232,3755,246
1640,257,3756,272
1641,252,3757,266
1642,258,3758,273
1643,3,3759,6
1643,3,3760,5
1644,192,3761,204
1644,192,3762,5
1644,192,3763,1
1645,192,3764,204
1645,192,3765,5
1645,192,3766,1
1646,91,3767,97
1647,52,3768,57
1647,52,3769,5
1648,52,3770,57
1648,52,3771,5
1649,52,3772,57
1649,52,3773,5
1650,219,3774,231
1650,219,3775,5
1651,46,3776,50
1651,46,3777,1
1652,46,3778,50
1652,46,3779,1
1653,157,3780,166
1654,91,3781,97
1655,192,3782,204
1655,192,3783,5
1655,192,3784,1
1656,37,3785,41
1656,37,3786,5
1657,259,3787,274
1658,190,3788,201
1658,190,3789,5
1659,18,3790,21
1659,18,3791,5
1660,18,3792,21
1660,18,3793,5
1661,260,3794,275
1661,260,3795,74
1662,157,3796,166
1663,91,3797,97
1664,261,3798,276
1665,3,3799,6
1665,3,3800,5
1666,157,3801,166
1667,24,3802,27
1667,24,3803,5
1668,24,3804,27
1668,24,3805,5
1669,203,3806,215
1669,203,3807,74
1670,157,3808,166
1671,157,3809,166
1672,157,3810,166
1673,7,3811,10
1673,7,3812,5
1673,7,3813,1
1674,157,3814,166
1675,57,3815,62
1675,57,3816,5
1676,10,3817,13
1676,10,3818,5
1677,6,3819,9
1677,6,3820,5
1677,6,3821,1
1678,252,3822,266
1679,252,3823,266
1680,7,3824,10
1680,7,3825,5
1680,7,3826,1
1681,157,3827,166
1682,157,3828,166
1683,7,3829,10
1683,7,3830,5
1683,7,3831,1
1684,7,3832,10
1684,7,3833,5
1684,7,3834,1
1685,157,3835,166
1686,252,3836,266
1687,157,3837,166
1688,46,3838,50
1688,46,3839,1
1689,262,3840,277
1690,263,3841,278
1690,263,3842,5
1691,81,3843,87
1691,81,3844,5
1691,81,3845,2
1692,92,3846,98
1692,92,3847,5
1693,143,3848,152
1693,143,3849,1
1693,143,3850,37
1694,161,3851,170
1694,161,3852,171
1695,157,3853,166
1696,233,3854,247
1697,161,3855,170
1697,161,3856,171
1698,243,3857,256
1699,2,3858,4
1699,2,3859,5
1699,2,3860,2
1700,148,3861,157
1700,148,3862,1
1701,157,3863,166
1702,264,3864,264
1702,264,3865,279
1703,265,3866,280
1703,265,3867,5
1704,51,3868,56
1704,51,3869,5
1705,266,3870,281
1706,237,3871,251
1707,209,3872,221
1708,209,3873,221
1709,243,3874,256
1710,24,3875,27
1710,24,3876,5
1711,157,3877,166
1712,267,3878,282
1713,18,3879,21
1713,18,3880,5
1714,268,3881,283
1715,269,3882,248
1715,269,3883,284
1716,157,3884,166
1717,157,3885,166
1718,41,3886,45
1718,41,3887,5
1719,270,3888,170
1719,270,3889,285
1720,271,3890,286
1721,157,3891,166
1722,157,3892,166
1723,209,3893,221
1724,272,3894,287
1725,262,3895,277
1726,161,3896,170
1726,161,3897,171
1727,161,3898,170
1727,161,3899,171
1728,249,3900,262
1729,157,3901,166
1730,243,3902,256
1731,243,3903,256
1732,273,3904,288
1733,274,3905,289
1733,274,3906,5
1734,275,3907,290
1735,276,3908,291
1735,276,3909,5
1736,277,3910,292
1736,277,3911,1
1737,278,3912,293
1737,278,3913,1
1738,233,3914,247
1739,279,3915,294
1739,279,3916,5
1739,279,3917,1
1740,279,3918,294
1740,279,3919,5
1740,279,3920,1
1741,233,3921,247
1742,161,3922,170
1742,161,3923,171
1743,3,3924,6
1743,3,3925,5
1744,2,3926,4
1744,2,3927,5
1744,2,3928,2
1745,157,3929,166
1746,235,3930,249
1747,157,3931,166
1748,37,3932,41
1748,37,3933,5
1749,280,3934,295
1749,280,3935,5
1750,281,3936,296
1750,281,3937,5
1751,161,3938,170
1751,161,3939,171
1752,11,3940,14
1752,11,3941,5
1752,11,3942,1
1753,41,3943,45
1753,41,3944,5
1754,46,3945,50
1754,46,3946,1
1755,188,3947,199
1755,188,3948,1
1756,282,3949,297
1756,282,3950,1
1756,282,3951,37
1757,157,3952,166
1758,235,3953,249
1759,96,3954,102
1759,96,3955,5
1760,46,3956,50
1760,46,3957,1
1761,46,3958,50
1761,46,3959,1
1762,46,3960,50
1762,46,3961,1
1763,283,3962,298
1764,229,3963,243
1764,229,3964,5
1765,180,3965,190
1765,180,3966,5
1766,284,3967,299
1766,284,3968,5
1766,284,3969,37
1767,185,3970,196
1767,185,3971,5
1768,233,3972,247
1769,157,3973,166
1770,161,3974,170
1770,161,3975,171
1771,285,3976,300
1772,286,3977,301
1773,157,3978,166
1774,237,3979,251
1775,161,3980,170
1775,161,3981,171
1776,157,3982,166
1777,250,3983,263
1778,287,3984,302
1779,259,3985,274
1780,288,3986,303
1781,233,3987,247
1782,233,3988,247
1783,157,3989,166
1784,157,3990,166
1785,31,3991,34
1785,31,3992,1
1786,31,3993,34
1786,31,3994,1
1787,161,3995,170
1787,161,3996,171
1788,161,3997,170
1788,161,3998,171
1789,157,3999,166
1790,41,4000,45
1790,41,4001,5
1791,157,4002,166
1792,157,4003,166
1793,232,4004,246
1794,289,4005,304
1795,233,4006,247
1796,233,4007,247
1797,161,4008,170
1797,161,4009,171
1798,161,4010,170
1798,161,4011,171
1799,254,4012,268
1800,157,4013,166
1801,157,4014,166
1802,252,4015,266
1803,161,4016,170
1803,161,4017,171
1804,161,4018,170
1804,161,4019,171
1805,3,4020,6
1805,3,4021,5
1806,137,4022,145
1806,137,4023,2
1806,137,4024,37
1807,59,4025,64
1807,59,4026,5
1807,59,4027,2
1807,59,4028,37
1808,59,4029,64
1808,59,4030,5
1808,59,4031,2
1808,59,4032,37
1809,19,4033,22
1809,19,4034,5
1810,19,4035,22
1810,19,4036,5
1811,275,4037,290
1812,290,4038,305
1813,291,4039,306
1814,286,4040,301
1815,42,4041,46
1815,42,4042,5
1816,292,4043,170
1816,292,4044,307
1817,292,4045,170
1817,292,4046,307
1818,2,4047,4
1818,2,4048,5
1818,2,4049,2
1819,168,4050,178
1819,168,4051,1
1820,252,4052,266
1821,293,4053,308
1822,157,4054,166
1823,157,4055,166
1824,3,4056,6
1824,3,4057,5
1825,2,4058,4
1825,2,4059,5
1825,2,4060,2
1826,148,4061,157
1826,148,4062,1
1827,250,4063,263
1828,258,4064,273
1829,258,4065,273
1830,286,4066,301
1831,209,4067,221
1832,252,4068,266
1833,258,4069,273
1834,236,4070,250
1835,236,4071,250
1836,294,4072,309
1837,295,4073,310
1837,295,4074,1
1838,219,4075,231
1838,219,4076,5
1839,219,4077,231
1839,219,4078,5
1840,157,4079,166
1841,296,4080,311
1842,157,4081,166
1843,157,4082,166
1844,297,4083,312
1845,157,4084,166
1846,252,4085,266
1847,233,4086,247
1848,157,4087,166
1849,157,4088,166
1850,298,4089,313
1851,59,4090,64
1851,59,4091,5
1851,59,4092,2
1851,59,4093,37
1852,59,4094,64
1852,59,4095,5
1852,59,4096,2
1852,59,4097,37
1853,271,4098,286
1854,271,4099,286
1855,142,4100,150
1855,142,4101,151
1856,252,4102,266
1857,292,4103,170
1857,292,4104,307
1858,232,4105,246
1859,236,4106,250
1860,254,4107,268
1861,299,4108,314
1862,300,4109,315
1863,257,4110,272
1864,301,4111,316
1865,161,4112,170
1865,161,4113,171
1866,302,4114,317
1867,262,4115,277
1868,157,4116,166
1869,193,4117,205
1869,193,4118,1
1870,193,4119,205
1870,193,4120,1
1871,234,4121,248
1871,234,4122,236
1872,303,4123,318
1872,303,4124,5
1873,303,4125,318
1873,303,4126,5
1874,304,4127,319
1874,304,4128,5
1874,304,4129,37
1875,305,4130,320
1875,305,4131,5
1875,305,4132,37
1876,298,4133,313
1877,157,4134,166
1878,262,4135,277
1879,262,4136,277
1880,2,4137,4
1880,2,4138,5
1880,2,4139,2
1881,233,4140,247
1882,306,4141,321
1883,239,4142,253
1883,239,4143,2
1884,250,4144,263
1885,270,4145,170
1885,270,4146,285
1886,5,4147,8
1886,5,4148,5
1886,5,4149,1
1887,7,4150,10
1887,7,4151,5
1887,7,4152,1
1888,243,4153,256
1889,192,4154,204
1889,192,4155,5
1889,192,4156,1
1890,32,4157,35
1890,32,4158,5
1891,161,4159,170
1891,161,4160,171
1892,161,4161,170
1892,161,4162,171
1893,272,4163,287
1894,262,4164,277
1895,2,4165,4
1895,2,4166,5
1895,2,4167,2
1896,4,4168,7
1896,4,4169,5
1896,4,4170,2
1897,307,4171,232
1897,307,4172,171
1898,238,4173,252
1899,42,4174,46
1899,42,4175,5
1900,157,4176,166
1901,157,4177,166
1902,157,4178,166
1903,161,4179,170
1903,161,4180,171
1904,308,4181,322
1905,309,4182,323
1905,309,4183,1
1905,309,4184,2
1905,309,4185,37
1906,310,4186,324
1906,310,4187,5
1906,310,4188,1
1907,243,4189,256
1908,161,4190,170
1908,161,4191,171
1909,243,4192,256
1910,157,4193,166
1911,301,4194,316
1912,24,4195,27
1912,24,4196,5
1913,157,4197,166
1914,161,4198,170
1914,161,4199,171
1915,157,4200,166
1916,24,4201,27
1916,24,4202,5
1917,249,4203,262
1918,264,4204,264
1918,264,4205,279
1919,192,4206,204
1919,192,4207,5
1919,192,4208,1
1920,180,4209,190
1920,180,4210,5
1921,234,4211,248
1921,234,4212,236
1922,234,4213,248
1922,234,4214,236
1923,157,4215,166
1924,233,4216,247
1925,148,4217,157
1925,148,4218,1
1926,311,4219,325
1927,254,4220,268
1928,157,4221,166
1929,157,4222,166
1930,247,4223,260
1931,252,4224,266
1932,161,4225,170
1932,161,4226,171
1933,157,4227,166
1934,312,4228,326
1935,42,4229,46
1935,42,4230,5
1936,252,4231,266
1937,2,4232,4
1937,2,4233,5
1937,2,4234,2
1938,75,4235,81
1938,75,4236,2
1939,233,4237,247
1940,243,4238,256
1941,233,4239,247
1942,252,4240,266
1943,292,4241,170
1943,292,4242,307
1944,161,4243,170
1944,161,4244,171
1945,238,4245,252
1946,313,4246,327
1946,313,4247,1
1947,314,4248,328
1947,314,4249,74
1947,314,4250,1
1948,168,4251,178
1948,168,4252,1
1949,7,4253,10
1949,7,4254,5
1949,7,4255,1
1950,157,4256,166
1951,212,4257,224
1951,212,4258,1
1952,41,4259,45
1952,41,4260,5
1953,186,4261,197
1953,186,4262,5
1954,315,4263,329
1954,315,4264,1
1955,316,4265,330
1955,316,4266,5
1956,20,4267,23
1956,20,4268,1
1957,252,4269,266
1958,236,4270,250
1959,236,4271,250
1960,157,4272,166
1961,317,4273,331
1962,267,4274,282
1963,318,4275,332
1963,318,4276,1
1964,219,4277,231
1964,219,4278,5
1965,291,4279,306
1966,28,4280,31
1966,28,4281,1
1967,319,4282,333
1968,157,4283,166
1969,292,4284,170
1969,292,4285,307
1970,320,4286,334
1970,320,4287,74
1971,320,4288,334
1971,320,4289,74
1972,291,4290,306
1973,233,4291,247
1974,233,4292,247
1975,38,4293,42
1975,38,4294,5
1976,180,4295,190
1976,180,4296,5
1977,180,4297,190
1977,180,4298,5
1978,321,4299,335
1978,321,4300,74
1979,322,4301,170
1979,322,4302,336
1980,272,4303,287
1981,148,4304,157
1981,148,4305,1
1982,157,4306,166
1983,323,4307,337
1984,324,4308,338
1985,317,4309,331
1986,157,4310,166
1987,157,4311,166
1988,275,4312,290
1989,252,4313,266
1990,325,4314,339
1990,325,4315,340
1991,3,4316,6
1991,3,4317,5
1992,326,4318,341
1992,326,4319,1
1993,128,4320,136
1993,128,4321,1
1994,327,4322,342
1995,328,4323,343
1996,329,4324,344
1997,157,4325,166
1998,249,4326,262
1999,157,4327,166
2000,317,4328,331
2001,252,4329,266
2002,292,4330,170
2002,292,4331,307
2003,330,4332,345
2004,161,4333,170
2004,161,4334,171
2005,262,4335,277
2006,196,4336,208
2006,196,4337,1
2007,331,4338,346
2008,250,4339,263
2009,330,4340,345
2010,286,4341,301
2011,157,4342,166
2012,32,4343,35
2012,32,4344,5
2013,3,4345,6
2013,3,4346,5
2014,252,4347,266
2015,332,4348,264
2015,332,4349,347
2016,3,4350,6
2016,3,4351,5
2017,57,4352,62
2017,57,4353,5
2018,333,4354,348
2019,252,4355,266
2020,252,4356,266
2021,243,4357,256
2022,239,4358,253
2022,239,4359,2
2023,252,4360,266
2024,157,4361,166
2025,334,4362,349
2026,252,4363,266
2027,292,4364,170
2027,292,4365,307
2028,38,4366,42
2028,38,4367,5
2029,38,4368,42
2029,38,4369,5
2030,37,4370,41
2030,37,4371,5
2031,37,4372,41
2031,37,4373,5
2032,335,4374,350
2033,252,4375,266
2034,239,4376,253
2034,239,4377,2
2035,254,4378,268
2036,45,4379,49
2036,45,4380,5
2037,252,4381,266
2038,161,4382,170
2038,161,4383,171
2039,270,4384,170
2039,270,4385,285
2040,121,4386,129
2040,121,4387,5
2040,121,4388,2
2040,121,4389,37
2041,336,4390,351
2041,336,4391,5
2041,336,4392,1
2042,337,4393,352
2042,337,4394,5
2042,337,4395,1
2042,337,4396,37
2043,296,4397,311
2044,161,4398,170
2044,161,4399,171
2045,252,4400,266
2046,252,4401,266
2047,338,4402,353
2048,339,4403,354
2048,339,4404,74
2049,296,4405,311
2050,252,4406,266
2051,209,4407,221
2052,300,4408,315
2053,234,4409,248
2053,234,4410,236
2054,258,4411,273
2055,292,4412,170
2055,292,4413,307
2056,252,4414,266
2057,340,4415,355
2058,233,4416,247
2059,233,4417,247
2060,157,4418,166
2061,247,4419,260
2062,341,4420,356
2062,341,4421,1
2063,65,4422,70
2063,65,4423,5
2064,252,4424,266
2065,342,4425,357
2066,341,4426,356
2066,341,4427,1
2067,296,4428,311
2068,343,4429,358
2068,343,4430,1
2069,344,4431,359
2069,344,4432,1
2070,238,4433,252
2071,296,4434,311
2072,345,4435,360
2073,275,4436,290
2074,252,4437,266
2075,252,4438,266
2076,334,4439,349
2077,252,4440,266
2078,252,4441,266
2079,252,4442,266
2080,277,4443,292
2080,277,4444,1
2081,278,4445,293
2081,278,4446,1
2082,270,4447,170
2082,270,4448,285
2083,270,4449,170
2083,270,4450,285
2084,252,4451,266
2085,341,4452,356
2085,341,4453,1
2086,233,4454,247
2087,255,4455,269
2088,346,4456,361
2089,252,4457,266
2090,252,4458,266
2091,312,4459,326
2092,255,4460,269
2093,3,4461,6
2093,3,4462,5
2094,254,4463,268
2095,322,4464,170
2095,322,4465,336
2096,2,4466,4
2096,2,4467,5
2096,2,4468,2
2097,45,4469,49
2097,45,4470,5
2098,239,4471,253
2098,239,4472,2
2099,347,4473,362
2099,347,4474,1
2100,270,4475,170
2100,270,4476,285
2101,252,4477,266
2102,292,4478,170
2102,292,4479,307
2103,348,4480,363
2104,23,4481,26
2104,23,4482,1
2104,23,4483,2
2105,9,4484,12
2105,9,4485,5
2105,9,4486,1
2105,9,4487,2
2106,2,4488,4
2106,2,4489,5
2106,2,4490,2
2107,9,4491,12
2107,9,4492,5
2107,9,4493,1
2107,9,4494,2
2108,0,4495,0
2108,0,4496,1
2108,0,4497,2
2109,349,4498,364
2109,349,4499,2
2110,76,4500,82
2110,76,4501,5
2110,76,4502,2
2111,23,4503,26
2111,23,4504,1
2111,23,4505,2
2112,324,4506,338
2113,23,4507,26
2113,23,4508,1
2113,23,4509,2
2114,9,4510,12
2114,9,4511,5
2114,9,4512,1
2114,9,4513,2
2115,13,4514,16
2115,13,4515,1
2115,13,4516,2
2116,275,4517,290
2117,46,4518,50
2117,46,4519,1
2118,23,4520,26
2118,23,4521,1
2118,23,4522,2
2119,8,4523,11
2119,8,4524,1
2119,8,4525,2
2120,23,4526,26
2120,23,4527,1
2120,23,4528,2
2121,324,4529,338
2122,76,4530,82
2122,76,4531,5
2122,76,4532,2
2123,8,4533,11
2123,8,4534,1
2123,8,4535,2
2124,8,4536,11
2124,8,4537,1
2124,8,4538,2
2125,1,4539,3
2125,1,4540,1
2125,1,4541,2
2126,350,4542,365
2127,7,4543,10
2127,7,4544,5
2127,7,4545,1
2128,13,4546,16
2128,13,4547,1
2128,13,4548,2
2129,351,4549,366
2129,351,4550,1
2130,7,4551,10
2130,7,4552,5
2130,7,4553,1
2131,7,4554,10
2131,7,4555,5
2131,7,4556,1
2132,23,4557,26
2132,23,4558,1
2132,23,4559,2
2133,2,4560,4
2133,2,4561,5
2133,2,4562,2
2134,8,4563,11
2134,8,4564,1
2134,8,4565,2
2135,324,4566,338
2136,3,4567,6
2136,3,4568,5
2137,352,4569,367
2138,353,4570,368
2138,353,4571,1
2139,354,4572,369
2139,354,4573,5
2140,9,4574,12
2140,9,4575,5
2140,9,4576,1
2140,9,4577,2
2141,13,4578,16
2141,13,4579,1
2141,13,4580,2
2142,355,4581,170
2142,355,4582,370
2143,324,4583,338
2144,2,4584,4
2144,2,4585,5
2144,2,4586,2
2145,9,4587,12
2145,9,4588,5
2145,9,4589,1
2145,9,4590,2
2146,17,4591,20
2146,17,4592,5
2146,17,4593,1
2147,324,4594,338
2148,324,4595,338
2149,356,4596,371
2150,357,4597,372
2151,358,4598,373
2152,2,4599,4
2152,2,4600,5
2152,2,4601,2
2153,359,4602,374
2154,360,4603,375
2155,324,4604,338
2156,13,4605,16
2156,13,4606,1
2156,13,4607,2
2157,51,4608,56
2157,51,4609,5
2158,7,4610,10
2158,7,4611,5
2158,7,4612,1
2159,324,4613,338
2160,324,4614,338
2161,324,4615,338
2162,76,4616,82
2162,76,4617,5
2162,76,4618,2
2163,163,4619,173
2163,163,4620,5
2163,163,4621,1
2163,163,4622,37
2164,3,4623,6
2164,3,4624,5
2165,7,4625,10
2165,7,4626,5
2165,7,4627,1
2166,17,4628,20
2166,17,4629,5
2166,17,4630,1
2167,275,4631,290
2168,324,4632,338
2169,361,4633,376
2169,361,4634,1
2170,324,4635,338
2171,324,4636,338
2172,362,4637,377
2172,362,4638,1
2173,363,4639,378
2173,363,4640,2
2174,17,4641,20
2174,17,4642,5
2174,17,4643,1
2175,0,4644,0
2175,0,4645,1
2175,0,4646,2
2176,364,4647,379
2176,364,4648,5
2177,324,4649,338
2178,365,4650,380
2178,365,4651,370
2179,366,4652,381
2180,275,4653,290
2181,275,4654,290
2182,367,4655,382
2182,367,4656,1
2183,368,4657,383
2183,368,4658,1
2184,324,4659,338
2185,369,4660,384
2186,45,4661,49
2186,45,4662,5
2187,367,4663,382
2187,367,4664,1
2188,370,4665,385
2188,370,4666,1
2189,371,4667,386
2190,372,4668,387
2191,324,4669,338
2192,365,4670,380
2192,365,4671,370
2193,275,4672,290
2194,355,4673,170
2194,355,4674,370
2195,324,4675,338
2196,362,4676,377
2196,362,4677,1
2197,362,4678,377
2197,362,4679,1
2198,373,4680,170
2198,373,4681,388
2199,6,4682,9
2199,6,4683,5
2199,6,4684,1
2200,324,4685,338
2201,374,4686,389
2202,375,4687,390
2203,324,4688,338
2204,324,4689,338
2205,285,4690,300
2206,367,4691,382
2206,367,4692,1
2207,324,4693,338
2208,324,4694,338
2209,355,4695,170
2209,355,4696,370
2210,23,4697,26
2210,23,4698,1
2210,23,4699,2
2211,355,4700,170
2211,355,4701,370
2212,355,4702,170
2212,355,4703,370
2213,376,4704,391
2213,376,4705,2
2214,324,4706,338
2215,13,4707,16
2215,13,4708,1
2215,13,4709,2
2216,324,4710,338
2217,377,4711,392
2218,68,4712,73
2218,68,4713,74
2219,8,4714,11
2219,8,4715,1
2219,8,4716,2
2220,48,4717,53
2220,48,4718,1
2220,48,4719,2
2221,378,4720,393
2221,378,4721,1
2222,13,4722,16
2222,13,4723,1
2222,13,4724,2
2223,368,4725,383
2223,368,4726,1
2224,367,4727,382
2224,367,4728,1
2225,362,4729,377
2225,362,4730,1
2226,324,4731,338
2227,271,4732,286
2228,362,4733,377
2228,362,4734,1
2229,0,4735,0
2229,0,4736,1
2229,0,4737,2
2230,66,4738,71
2230,66,4739,1
2231,45,4740,49
2231,45,4741,5
2232,9,4742,12
2232,9,4743,5
2232,9,4744,1
2232,9,4745,2
2233,13,4746,16
2233,13,4747,1
2233,13,4748,2
2234,379,4749,394
2234,379,4750,2
2235,380,4751,395
2236,139,4752,147
2236,139,4753,5
2236,139,4754,1
2236,139,4755,2
2236,139,4756,37
2237,0,4757,0
2237,0,4758,1
2237,0,4759,2
2238,23,4760,26
2238,23,4761,1
2238,23,4762,2
2239,13,4763,16
2239,13,4764,1
2239,13,4765,2
2240,3,4766,6
2240,3,4767,5
2241,0,4768,0
2241,0,4769,1
2241,0,4770,2
2242,13,4771,16
2242,13,4772,1
2242,13,4773,2
2243,381,4774,396
2243,381,4775,2
2244,382,4776,397
2244,382,4777,2
2245,0,4778,0
2245,0,4779,1
2245,0,4780,2
2246,23,4781,26
2246,23,4782,1
2246,23,4783,2
2247,0,4784,0
2247,0,4785,1
2247,0,4786,2
2248,2,4787,4
2248,2,4788,5
2248,2,4789,2
2249,355,4790,170
2249,355,4791,370
2250,171,4792,181
2250,171,4793,2
2251,3,4794,6
2251,3,4795,5
2252,383,4796,398
2252,383,4797,1
2253,0,4798,0
2253,0,4799,1
2253,0,4800,2
2254,13,4801,16
2254,13,4802,1
2254,13,4803,2
2255,13,4804,16
2255,13,4805,1
2255,13,4806,2
2256,0,4807,0
2256,0,4808,1
2256,0,4809,2
2257,384,4810,399
2257,384,4811,2
2258,11,4812,14
2258,11,4813,5
2258,11,4814,1
2259,13,4815,16
2259,13,4816,1
2259,13,4817,2
2260,0,4818,0
2260,0,4819,1
2260,0,4820,2
2261,3,4821,6
2261,3,4822,5
2262,11,4823,14
2262,11,4824,5
2262,11,4825,1
2263,11,4826,14
2263,11,4827,5
2263,11,4828,1
2264,385,4829,400
2264,385,4830,5
2265,386,4831,401
2265,386,4832,1
2266,7,4833,10
2266,7,4834,5
2266,7,4835,1
2267,2,4836,4
2267,2,4837,5
2267,2,4838,2
2268,24,4839,27
2268,24,4840,5
2269,10,4841,13
2269,10,4842,5
2270,24,4843,27
2270,24,4844,5
2271,387,4845,402
2271,387,4846,1
2272,387,4847,402
2272,387,4848,1
2273,7,4849,10
2273,7,4850,5
2273,7,4851,1
2274,121,4852,129
2274,121,4853,5
2274,121,4854,2
2274,121,4855,37
2275,3,4856,6
2275,3,4857,5
2276,0,4858,0
2276,0,4859,1
2276,0,4860,2
2277,35,4861,39
2278,3,4862,6
2278,3,4863,5
2279,55,4864,60
2279,55,4865,5
2280,388,4866,403
2280,388,4867,2
2281,3,4868,6
2281,3,4869,5
2282,3,4870,6
2282,3,4871,5
2283,80,4872,86
2283,80,4873,5
2284,389,4874,404
2285,3,4875,6
2285,3,4876,5
2286,3,4877,6
2286,3,4878,5
2287,32,4879,35
2287,32,4880,5
2288,24,4881,27
2288,24,4882,5
2289,24,4883,27
2289,24,4884,5
2290,42,4885,46
2290,42,4886,5
2291,390,4887,405
2291,390,4888,5
2292,2,4889,4
2292,2,4890,5
2292,2,4891,2
2293,3,4892,6
2293,3,4893,5
2294,7,4894,10
2294,7,4895,5
2294,7,4896,1
2295,7,4897,10
2295,7,4898,5
2295,7,4899,1
2296,7,4900,10
2296,7,4901,5
2296,7,4902,1
2297,391,4903,406
2298,275,4904,290
2299,241,4905,170
2299,241,4906,233
2300,144,4907,153
2300,144,4908,5
2301,144,4909,153
2301,144,4910,5
2302,7,4911,10
2302,7,4912,5
2302,7,4913,1
2303,324,4914,338
2304,275,4915,290
2305,392,4916,407
2306,356,4917,371
2307,7,4918,10
2307,7,4919,5
2307,7,4920,1
2308,42,4921,46
2308,42,4922,5
2309,275,4923,290
2310,354,4924,369
2310,354,4925,5
2311,324,4926,338
2312,3,4927,6
2312,3,4928,5
2313,324,4929,338
2314,74,4930,80
2314,74,4931,2
2315,393,4932,408
2316,394,4933,409
2316,394,4934,2
2317,275,4935,290
2318,324,4936,338
2319,395,4937,410
2320,396,4938,411
2321,4,4939,7
2321,4,4940,5
2321,4,4941,2
2322,324,4942,338
2323,275,4943,290
2324,45,4944,49
2324,45,4945,5
2325,45,4946,49
2325,45,4947,5
2326,275,4948,290
2327,324,4949,338
2328,324,4950,338
2329,32,4951,35
2329,32,4952,5
2330,324,4953,338
2331,324,4954,338
2332,354,4955,369
2332,354,4956,5
2333,42,4957,46
2333,42,4958,5
2334,4,4959,7
2334,4,4960,5
2334,4,4961,2
2335,55,4962,60
2335,55,4963,5
2336,275,4964,290
2337,355,4965,170
2337,355,4966,370
2338,328,4967,343
2339,3,4968,6
2339,3,4969,5
2340,328,4970,343
2341,397,4971,412
2341,397,4972,74
2342,398,4973,413
2343,399,4974,414
2343,399,4975,370
2344,368,4976,383
2344,368,4977,1
2345,275,4978,290
2346,42,4979,46
2346,42,4980,5
2347,51,4981,56
2347,51,4982,5
2348,80,4983,86
2348,80,4984,5
2349,324,4985,338
2350,340,4986,355
2351,400,4987,415
2352,401,4988,416
2352,401,4989,5
2353,348,4990,363
2354,270,4991,170
2354,270,4992,285
2355,327,4993,342
2356,402,4994,417
2357,355,4995,170
2357,355,4996,370
2358,403,4997,418
2358,403,4998,2
2359,275,4999,290
2360,355,5000,170
2360,355,5001,370
2361,324,5002,338
2362,324,5003,338
2363,404,5004,419
2363,404,5005,1
2364,9,5006,12
2364,9,5007,5
2364,9,5008,1
2364,9,5009,2
2365,1,5010,3
2365,1,5011,1
2365,1,5012,2
2366,9,5013,12
2366,9,5014,5
2366,9,5015,1
2366,9,5016,2
2367,324,5017,338
2368,324,5018,338
2369,367,5019,382
2369,367,5020,1
2370,405,5021,420
2371,285,5022,300
2372,275,5023,290
2373,271,5024,286
2374,362,5025,377
2374,362,5026,1
2375,285,5027,300
2376,363,5028,378
2376,363,5029,2
2377,324,5030,338
2378,352,5031,367
2379,275,5032,290
2380,275,5033,290
2381,361,5034,376
2381,361,5035,1
2382,324,5036,338
2383,393,5037,408
2384,324,5038,338
2385,275,5039,290
2386,324,5040,338
2387,398,5041,413
2388,377,5042,392
2389,406,5043,421
2390,407,5044,422
2391,355,5045,170
2391,355,5046,370
2392,275,5047,290
2393,352,5048,367
2394,324,5049,338
2395,324,5050,338
2396,324,5051,338
2397,324,5052,338
2398,324,5053,338
2399,324,5054,338
2400,408,5055,423
2401,409,5056,424
2402,271,5057,286
2403,254,5058,268
2404,324,5059,338
2405,410,5060,425
2405,410,5061,1
2406,410,5062,425
2406,410,5063,1
2407,411,5064,202
2407,411,5065,74
2407,411,5066,1
2408,412,5067,426
2408,412,5068,5
2408,412,5069,37
2409,377,5070,392
2410,355,5071,170
2410,355,5072,370
2411,324,5073,338
2412,324,5074,338
2413,275,5075,290
2414,232,5076,246
2415,413,5077,427
2415,413,5078,5
2415,413,5079,1
2416,413,5080,427
2416,413,5081,5
2416,413,5082,1
2417,147,5083,156
2417,147,5084,1
2418,398,5085,413
2419,403,5086,418
2419,403,5087,2
2420,270,5088,170
2420,270,5089,285
2421,3,5090,6
2421,3,5091,5
2422,414,5092,428
2423,271,5093,286
2424,275,5094,290
2425,275,5095,290
2426,377,5096,392
2427,324,5097,338
2428,270,5098,170
2428,270,5099,285
2429,275,5100,290
2430,275,5101,290
2431,275,5102,290
2432,415,5103,429
2432,415,5104,370
2433,324,5105,338
2434,368,5106,383
2434,368,5107,1
2435,275,5108,290
2436,352,5109,367
2437,324,5110,338
2438,362,5111,377
2438,362,5112,1
2439,355,5113,170
2439,355,5114,370
2440,355,5115,170
2440,355,5116,370
2441,367,5117,382
2441,367,5118,1
2442,416,5119,430
2442,416,5120,431
2443,350,5121,365
2444,88,5122,94
2444,88,5123,5
2445,88,5124,94
2445,88,5125,5
2446,88,5126,94
2446,88,5127,5
2447,324,5128,338
2448,324,5129,338
2449,417,5130,432
2450,367,5131,382
2450,367,5132,1
2451,367,5133,382
2451,367,5134,1
2452,418,5135,433
2453,37,5136,41
2453,37,5137,5
2454,324,5138,338
2455,419,5139,434
2456,420,5140,435
2457,420,5141,435
2458,355,5142,170
2458,355,5143,370
2459,421,5144,436
2459,421,5145,2
2460,275,5146,290
2461,398,5147,413
2462,363,5148,378
2462,363,5149,2
2463,241,5150,170
2463,241,5151,233
2464,270,5152,170
2464,270,5153,285
2465,398,5154,413
2466,398,5155,413
2467,324,5156,338
2468,275,5157,290
2469,422,5158,437
2469,422,5159,2
2470,423,5160,438
2470,423,5161,5
2471,275,5162,290
2472,424,5163,439
2473,425,5164,440
2474,285,5165,300
2475,157,5166,166
2476,21,5167,24
2476,21,5168,1
2477,367,5169,382
2477,367,5170,1
2478,324,5171,338
2479,324,5172,338
2480,355,5173,170
2480,355,5174,370
2481,3,5175,6
2481,3,5176,5
2482,426,5177,441
2482,426,5178,5
2483,378,5179,393
2483,378,5180,1
2484,427,5181,442
2484,427,5182,5
2485,324,5183,338
2486,378,5184,393
2486,378,5185,1
2487,428,5186,443
2487,428,5187,1
2487,428,5188,2
2488,275,5189,290
2489,275,5190,290
2490,367,5191,382
2490,367,5192,1
2491,324,5193,338
2492,196,5194,208
2492,196,5195,1
2493,429,5196,444
2493,429,5197,171
2493,429,5198,1
2494,234,5199,248
2494,234,5200,236
2495,233,5201,247
2496,275,5202,290
2497,373,5203,170
2497,373,5204,388
2498,324,5205,338
2499,341,5206,356
2499,341,5207,1
2500,270,5208,170
2500,270,5209,285
2501,275,5210,290
2502,275,5211,290
2503,275,5212,290
2504,275,5213,290
2505,430,5214,445
2505,430,5215,74
2505,430,5216,1
2506,68,5217,73
2506,68,5218,74
2507,324,5219,338
2508,376,5220,391
2508,376,5221,2
2509,355,5222,170
2509,355,5223,370
2510,324,5224,338
2511,324,5225,338
2512,252,5226,266
2513,431,5227,446
2513,431,5228,447
2514,431,5229,446
2514,431,5230,447
2515,324,5231,338
2516,373,5232,170
2516,373,5233,388
2517,308,5234,322
2518,271,5235,286
2519,275,5236,290
2520,324,5237,338
2521,414,5238,428
2522,355,5239,170
2522,355,5240,370
2523,275,5241,290
2524,275,5242,290
2525,355,5243,170
2525,355,5244,370
2526,324,5245,338
2527,432,5246,448
2528,254,5247,268
2529,12,5248,15
2529,12,5249,1
2530,28,5250,31
2530,28,5251,1
2531,19,5252,22
2531,19,5253,5
2532,19,5254,22
2532,19,5255,5
2533,324,5256,338
2534,322,5257,170
2534,322,5258,336
2535,433,5259,248
2535,433,5260,449
2536,376,5261,391
2536,376,5262,2
2537,355,5263,170
2537,355,5264,370
2538,275,5265,290
2539,275,5266,290
2540,434,5267,450
2541,324,5268,338
2542,435,5269,451
2542,435,5270,388
2543,275,5271,290
2544,275,5272,290
2545,324,5273,338
2546,355,5274,170
2546,355,5275,370
2547,373,5276,170
2547,373,5277,388
2548,403,5278,418
2548,403,5279,2
2549,324,5280,338
2550,355,5281,170
2550,355,5282,370
2551,324,5283,338
2552,324,5284,338
2553,275,5285,290
2554,275,5286,290
2555,375,5287,390
2556,352,5288,367
2557,275,5289,290
2558,308,5290,322
2559,270,5291,170
2559,270,5292,285
2560,275,5293,290
2561,324,5294,338
2562,398,5295,413
2563,362,5296,377
2563,362,5297,1
2564,362,5298,377
2564,362,5299,1
2565,414,5300,428
2566,367,5301,382
2566,367,5302,1
2567,275,5303,290
2568,275,5304,290
2569,275,5305,290
2570,436,5306,170
2570,436,5307,452
2570,436,5308,453
2571,275,5309,290
2572,368,5310,383
2572,368,5311,1
2573,355,5312,170
2573,355,5313,370
2574,324,5314,338
2575,324,5315,338
2576,355,5316,170
2576,355,5317,370
2577,365,5318,380
2577,365,5319,370
2578,324,5320,338
2579,324,5321,338
2580,324,5322,338
2581,368,5323,383
2581,368,5324,1
2582,324,5325,338
2583,324,5326,338
2584,291,5327,306
2585,275,5328,290
2586,437,5329,454
2587,377,5330,392
2588,324,5331,338
2589,324,5332,338
2590,285,5333,300
2591,275,5334,290
2592,312,5335,326
2593,19,5336,22
2593,19,5337,5
2594,37,5338,41
2594,37,5339,5
2595,37,5340,41
2595,37,5341,5
2596,335,5342,350
2597,358,5343,373
2598,275,5344,290
2599,398,5345,413
2600,398,5346,413
2601,324,5347,338
2602,324,5348,338
2603,438,5349,455
2603,438,5350,1
2603,438,5351,2
2604,438,5352,455
2604,438,5353,1
2604,438,5354,2
2605,398,5355,413
2606,398,5356,413
2607,439,5357,456
2607,439,5358,1
2608,275,5359,290
2609,324,5360,338
2610,363,5361,378
2610,363,5362,2
2611,109,5363,117
2611,109,5364,1
2612,373,5365,170
2612,373,5366,388
2613,324,5367,338
2614,378,5368,393
2614,378,5369,1
2615,378,5370,393
2615,378,5371,1
2616,42,5372,46
2616,42,5373,5
2617,275,5374,290
2618,324,5375,338
2619,422,5376,437
2619,422,5377,2
2620,407,5378,422
2621,324,5379,338
2622,324,5380,338
2623,378,5381,393
2623,378,5382,1
2624,275,5383,290
2625,275,5384,290
2626,377,5385,392
2627,403,5386,418
2627,403,5387,2
2628,363,5388,378
2628,363,5389,2
2629,275,5390,290
2630,440,5391,457
2630,440,5392,2
2631,403,5393,418
2631,403,5394,2
2632,403,5395,418
2632,403,5396,2
2633,324,5397,338
2634,291,5398,306
2635,368,5399,383
2635,368,5400,1
2636,27,5401,30
2636,27,5402,1
2637,27,5403,30
2637,27,5404,1
2638,367,5405,382
2638,367,5406,1
2639,275,5407,290
2640,271,5408,286
2641,415,5409,429
2641,415,5410,370
2642,441,5411,458
2642,441,5412,2
2643,373,5413,170
2643,373,5414,388
2644,324,5415,338
2645,442,5416,459
2646,355,5417,170
2646,355,5418,370
2647,324,5419,338
2648,275,5420,290
2649,271,5421,286
2650,327,5422,342
2651,327,5423,342
2652,324,5424,338
2653,442,5425,459
2654,443,5426,451
2654,443,5427,370
2655,444,5428,460
2656,275,5429,290
2657,414,5430,428
2658,445,5431,461
2658,445,5432,370
2659,373,5433,170
2659,373,5434,388
2660,368,5435,383
2660,368,5436,1
2661,324,5437,338
2662,324,5438,338
2663,446,5439,462
2663,446,5440,370
2664,275,5441,290
2665,275,5442,290
2666,241,5443,170
2666,241,5444,233
2667,447,5445,463
2668,442,5446,459
2669,442,5447,459
2670,324,5448,338
2671,367,5449,382
2671,367,5450,1
2672,275,5451,290
2673,404,5452,419
2673,404,5453,1
2674,264,5454,264
2674,264,5455,279
2675,415,5456,429
2675,415,5457,370
2676,448,5458,464
2676,448,5459,370
2677,398,5460,413
2678,301,5461,316
2679,449,5462,465
2679,449,5463,370
2680,450,5464,466
2680,450,5465,370
2681,355,5466,170
2681,355,5467,370
2682,7,5468,10
2682,7,5469,5
2682,7,5470,1
2683,324,5471,338
2684,324,5472,338
2685,403,5473,418
2685,403,5474,2
2686,275,5475,290
2687,275,5476,290
2688,439,5477,456
2688,439,5478,1
2689,355,5479,170
2689,355,5480,370
2690,451,5481,467
2691,452,5482,468
2691,452,5483,2
2692,442,5484,459
2693,373,5485,170
2693,373,5486,388
2694,237,5487,251
2695,286,5488,301
2696,275,5489,290
2697,324,5490,338
2698,197,5491,209
2698,197,5492,1
2699,308,5493,322
2700,324,5494,338
2701,453,5495,469
2701,453,5496,109
2701,453,5497,5
2702,355,5498,170
2702,355,5499,370
2703,454,5500,470
2703,454,5501,370
2704,454,5502,470
2704,454,5503,370
2705,455,5504,471
2706,442,5505,459
2707,442,5506,459
2708,442,5507,459
2709,324,5508,338
2710,341,5509,356
2710,341,5510,1
2711,341,5511,356
2711,341,5512,1
2712,324,5513,338
2713,285,5514,300
2714,355,5515,170
2714,355,5516,370
2715,32,5517,35
2715,32,5518,5
2716,275,5519,290
2717,415,5520,429
2717,415,5521,370
2718,456,5522,472
2718,456,5523,370
2719,275,5524,290
2720,457,5525,473
2721,458,5526,474
2722,459,5527,475
2723,324,5528,338
2724,355,5529,170
2724,355,5530,370
2725,460,5531,476
2725,460,5532,370
2726,461,5533,477
2726,461,5534,370
2727,462,5535,478
2727,462,5536,74
2728,462,5537,478
2728,462,5538,74
2729,324,5539,338
2730,252,5540,266
2731,275,5541,290
2732,350,5542,365
2733,463,5543,248
2733,463,5544,431
2734,324,5545,338
2735,324,5546,338
2736,324,5547,338
2737,442,5548,459
2738,442,5549,459
2739,275,5550,290
2740,176,5551,186
2740,176,5552,5
2740,176,5553,1
2741,439,5554,456
2741,439,5555,1
2742,109,5556,117
2742,109,5557,1
2743,464,5558,479
2744,285,5559,300
2745,355,5560,170
2745,355,5561,370
2746,357,5562,372
2747,465,5563,480
2748,275,5564,290
2749,424,5565,439
2750,403,5566,418
2750,403,5567,2
2751,442,5568,459
2752,466,5569,481
2752,466,5570,370
2753,157,5571,166
2754,157,5572,166
2755,252,5573,266
2756,467,5574,482
2757,161,5575,170
2757,161,5576,171
2758,275,5577,290
2759,109,5578,117
2759,109,5579,1
2760,271,5580,286
2761,355,5581,170
2761,355,5582,370
2762,377,5583,392
2763,275,5584,290
2764,241,5585,170
2764,241,5586,233
2765,398,5587,413
2766,241,5588,170
2766,241,5589,233
2767,275,5590,290
2768,367,5591,382
2768,367,5592,1
2769,455,5593,471
2770,439,5594,456
2770,439,5595,1
2771,468,5596,483
2772,355,5597,170
2772,355,5598,370
2773,324,5599,338
2774,270,5600,170
2774,270,5601,285
2775,469,5602,484
2776,275,5603,290
2777,437,5604,454
2778,355,5605,170
2778,355,5606,370
2779,355,5607,170
2779,355,5608,370
2780,275,5609,290
2781,416,5610,430
2781,416,5611,431
2782,440,5612,457
2782,440,5613,2
2783,404,5614,419
2783,404,5615,1
2784,437,5616,454
2785,275,5617,290
2786,470,5618,485
2787,470,5619,485
2788,275,5620,290
2789,275,5621,290
2790,275,5622,290
2791,368,5623,383
2791,368,5624,1
2792,292,5625,170
2792,292,5626,307
2793,415,5627,429
2793,415,5628,370
2794,415,5629,429
2794,415,5630,370
2795,324,5631,338
2796,471,5632,486
2797,472,5633,487
2798,250,5634,263
2799,355,5635,170
2799,355,5636,370
2800,180,5637,190
2800,180,5638,5
2801,465,5639,480
2802,275,5640,290
2803,275,5641,290
2804,37,5642,41
2804,37,5643,5
2805,38,5644,42
2805,38,5645,5
2806,357,5646,372
2807,469,5647,484
2808,275,5648,290
2809,275,5649,290
2810,278,5650,293
2810,278,5651,1
2811,355,5652,170
2811,355,5653,370
2812,188,5654,199
2812,188,5655,1
2813,439,5656,456
2813,439,5657,1
2814,469,5658,484
2815,469,5659,484
2816,17,5660,20
2816,17,5661,5
2816,17,5662,1
2817,271,5663,286
2818,422,5664,437
2818,422,5665,2
2819,473,5666,488
2819,473,5667,5
2820,415,5668,429
2820,415,5669,370
2821,59,5670,64
2821,59,5671,5
2821,59,5672,2
2821,59,5673,37
2822,398,5674,413
2823,474,5675,489
2824,271,5676,286
2825,27,5677,30
2825,27,5678,1
2826,365,5679,380
2826,365,5680,370
2827,368,5681,383
2827,368,5682,1
2828,404,5683,419
2828,404,5684,1
2829,275,5685,290
2830,373,5686,170
2830,373,5687,388
2831,475,5688,490
2832,398,5689,413
2833,398,5690,413
2834,324,5691,338
2835,324,5692,338
2836,324,5693,338
2837,373,5694,170
2837,373,5695,388
2838,404,5696,419
2838,404,5697,1
2839,404,5698,419
2839,404,5699,1
2840,72,5700,78
2840,72,5701,1
2841,7,5702,10
2841,7,5703,5
2841,7,5704,1
2842,3,5705,6
2842,3,5706,5
2843,324,5707,338
2844,476,5708,491
2845,275,5709,290
2846,193,5710,205
2846,193,5711,1
2847,193,5712,205
2847,193,5713,1
2848,270,5714,170
2848,270,5715,285
2849,415,5716,429
2849,415,5717,370
2850,477,5718,492
2851,25,5719,28
2851,25,5720,5
2851,25,5721,1
2852,25,5722,28
2852,25,5723,5
2852,25,5724,1
2853,161,5725,170
2853,161,5726,171
2854,373,5727,170
2854,373,5728,388
2855,355,5729,170
2855,355,5730,370
2856,399,5731,414
2856,399,5732,370
2857,398,5733,413
2858,398,5734,413
2859,403,5735,418
2859,403,5736,2
2860,398,5737,413
2861,275,5738,290
2862,109,5739,117
2862,109,5740,1
2863,109,5741,117
2863,109,5742,1
2864,373,5743,170
2864,373,5744,388
2865,355,5745,170
2865,355,5746,370
2866,161,5747,170
2866,161,5748,171
2867,243,5749,256
2868,12,5750,15
2868,12,5751,1
2869,275,5752,290
2870,275,5753,290
2871,271,5754,286
2872,46,5755,50
2872,46,5756,1
2873,148,5757,157
2873,148,5758,1
2874,324,5759,338
2875,275,5760,290
2876,478,5761,493
2876,478,5762,5
2877,239,5763,253
2877,239,5764,2
2878,100,5765,107
2878,100,5766,5
2879,479,5767,494
2879,479,5768,5
2880,480,5769,495
2880,480,5770,5
2881,398,5771,413
2882,403,5772,418
2882,403,5773,2
2883,373,5774,170
2883,373,5775,388
2884,481,5776,496
2885,275,5777,290
2886,75,5778,81
2886,75,5779,2
2887,324,5780,338
2888,373,5781,170
2888,373,5782,388
2889,35,5783,39
2890,274,5784,289
2890,274,5785,5
2891,482,5786,414
2891,482,5787,171
2892,324,5788,338
2893,275,5789,290
2894,275,5790,290
2895,357,5791,372
2896,373,5792,170
2896,373,5793,388
2897,399,5794,414
2897,399,5795,370
2898,356,5796,371
2899,356,5797,371
2900,483,5798,497
2900,483,5799,1
2901,275,5800,290
2902,30,5801,33
2902,30,5802,5
2903,43,5803,47
2903,43,5804,5
2904,43,5805,47
2904,43,5806,5
2905,275,5807,290
2906,484,5808,498
2907,2,5809,4
2907,2,5810,5
2907,2,5811,2
2908,161,5812,170
2908,161,5813,171
2909,355,5814,170
2909,355,5815,370
2910,355,5816,170
2910,355,5817,370
2911,155,5818,164
2911,155,5819,1
2912,275,5820,290
2913,275,5821,290
2914,275,5822,290
2915,485,5823,499
2916,271,5824,286
2917,328,5825,343
2918,373,5826,170
2918,373,5827,388
2919,355,5828,170
2919,355,5829,370
2920,275,5830,290
2921,161,5831,170
2921,161,5832,171
2922,414,5833,428
2923,7,5834,10
2923,7,5835,5
2923,7,5836,1
2924,486,5837,500
2925,363,5838,378
2925,363,5839,2
2926,324,5840,338
2927,443,5841,451
2927,443,5842,370
2928,440,5843,457
2928,440,5844,2
2929,470,5845,485
2930,403,5846,418
2930,403,5847,2
2931,377,5848,392
2932,403,5849,418
2932,403,5850,2
2933,291,5851,306
2934,285,5852,300
2935,285,5853,300
2936,3,5854,6
2936,3,5855,5
2937,403,5856,418
2937,403,5857,2
2938,403,5858,418
2938,403,5859,2
2939,355,5860,170
2939,355,5861,370
2940,3,5862,6
2940,3,5863,5
2941,355,5864,170
2941,355,5865,370
2942,487,5866,501
2943,3,5867,6
2943,3,5868,5
2944,373,5869,170
2944,373,5870,388
2945,488,5871,502
2945,488,5872,1
2946,271,5873,286
2947,489,5874,503
2947,489,5875,5
2948,75,5876,81
2948,75,5877,2
2949,275,5878,290
2950,275,5879,290
2951,490,5880,504
2952,18,5881,21
2952,18,5882,5
2953,491,5883,505
2954,234,5884,248
2954,234,5885,236
2955,308,5886,322
2956,492,5887,506
2957,324,5888,338
2958,422,5889,437
2958,422,5890,2
2959,44,5891,48
2959,44,5892,5
2960,493,5893,507
2960,493,5894,5
2961,20,5895,23
2961,20,5896,1
2962,7,5897,10
2962,7,5898,5
2962,7,5899,1
2963,398,5900,413
2964,424,5901,439
2965,0,5902,0
2965,0,5903,1
2965,0,5904,2
2966,0,5905,0
2966,0,5906,1
2966,0,5907,2
2967,0,5908,0
2967,0,5909,1
2967,0,5910,2
2968,324,5911,338
2969,270,5912,170
2969,270,5913,285
2970,404,5914,419
2970,404,5915,1
2971,352,5916,367
2972,324,5917,338
2973,324,5918,338
2974,324,5919,338
2975,355,5920,170
2975,355,5921,370
2976,494,5922,508
2977,324,5923,338
2978,324,5924,338
2979,378,5925,393
2979,378,5926,1
2980,378,5927,393
2980,378,5928,1
2981,252,5929,266
2982,324,5930,338
2983,324,5931,338
2984,275,5932,290
2985,324,5933,338
2986,324,5934,338
2987,275,5935,290
2988,3,5936,6
2988,3,5937,5
2989,3,5938,6
2989,3,5939,5
2990,292,5940,170
2990,292,5941,307
2991,495,5942,509
2991,495,5943,1
2992,7,5944,10
2992,7,5945,5
2992,7,5946,1
2993,221,5947,234
2993,221,5948,5
2994,275,5949,290
2995,496,5950,267
2995,496,5951,370
2996,11,5952,14
2996,11,5953,5
2996,11,5954,1
2997,28,5955,31
2997,28,5956,1
2998,324,5957,338
2999,275,5958,290
3000,437,5959,454
3001,163,5960,173
3001,163,5961,5
3001,163,5962,1
3001,163,5963,37
3002,497,5964,510
3002,497,5965,52
3003,498,5966,511
3003,498,5967,1
3004,352,5968,367
3005,403,5969,418
3005,403,5970,2
3006,324,5971,338
3007,168,5972,178
3007,168,5973,1
3008,499,5974,512
3008,499,5975,1
3009,290,5976,305
3010,500,5977,513
3011,270,5978,170
3011,270,5979,285
3012,270,5980,170
3012,270,5981,285
3013,38,5982,42
3013,38,5983,5
3014,442,5984,459
3015,161,5985,170
3015,161,5986,171
3016,161,5987,170
3016,161,5988,171
3017,355,5989,170
3017,355,5990,370
3018,355,5991,170
3018,355,5992,370
3019,285,5993,300
3020,285,5994,300
3021,442,5995,459
3022,275,5996,290
3023,270,5997,170
3023,270,5998,285
3024,324,5999,338
3025,232,6000,246
3026,166,6001,176
3026,166,6002,1
3027,251,6003,264
3027,251,6004,265
3028,275,6005,290
3029,437,6006,454
3030,437,6007,454
3031,111,6008,119
3031,111,6009,5
3032,275,6010,290
3033,275,6011,290
3034,275,6012,290
3035,275,6013,290
3036,275,6014,290
3037,6,6015,9
3037,6,6016,5
3037,6,6017,1
3038,6,6018,9
3038,6,6019,5
3038,6,6020,1
3039,373,6021,170
3039,373,6022,388
3040,373,6023,170
3040,373,6024,388
3041,324,6025,338
3042,501,6026,514
3043,324,6027,338
3044,442,6028,459
3045,469,6029,484
3046,37,6030,41
3046,37,6031,5
3047,37,6032,41
3047,37,6033,5
3048,440,6034,457
3048,440,6035,2
3049,469,6036,484
3050,469,6037,484
3051,502,6038,515
3052,437,6039,454
3053,442,6040,459
3054,415,6041,429
3054,415,6042,370
3055,324,6043,338
3056,324,6044,338
3057,275,6045,290
3058,378,6046,393
3058,378,6047,1
3059,7,6048,10
3059,7,6049,5
3059,7,6050,1
3060,427,6051,442
3060,427,6052,5
3061,415,6053,429
3061,415,6054,370
3062,442,6055,459
3063,503,6056,429
3063,503,6057,388
3064,7,6058,10
3064,7,6059,5
3064,7,6060,1
3065,7,6061,10
3065,7,6062,5
3065,7,6063,1
3066,504,6064,516
3067,505,6065,517
3068,469,6066,484
3069,415,6067,429
3069,415,6068,370
3070,262,6069,277
3071,262,6070,277
3072,506,6071,518
3073,422,6072,437
3073,422,6073,2
3074,507,6074,519
3075,494,6075,508
3076,51,6076,56
3076,51,6077,5
3077,244,6078,257
3077,244,6079,5
3078,64,6080,69
3078,64,6081,5
3079,161,6082,170
3079,161,6083,171
3080,161,6084,170
3080,161,6085,171
3081,357,6086,372
3082,503,6087,429
3082,503,6088,388
3083,415,6089,429
3083,415,6090,370
3084,415,6091,429
3084,415,6092,370
3085,378,6093,393
3085,378,6094,1
3086,322,6095,170
3086,322,6096,336
3087,491,6097,505
3088,368,6098,383
3088,368,6099,1
3089,508,6100,520
3089,508,6101,1
3090,509,6102,451
3090,509,6103,233
3091,510,6104,521
3092,511,6105,522
3093,512,6106,523
3094,513,6107,524
3095,415,6108,429
3095,415,6109,370
3096,470,6110,485
3097,469,6111,484
3098,275,6112,290
3099,514,6113,525
3100,515,6114,526
3101,516,6115,527
3101,516,6116,528
3102,517,6117,529
3102,517,6118,370
3103,505,6119,517
3104,518,6120,530
3105,519,6121,531
3106,519,6122,531
3107,517,6123,529
3107,517,6124,370
3108,506,6125,518
3109,506,6126,518
3110,442,6127,459
3111,275,6128,290
3112,469,6129,484
3113,258,6130,273
3114,520,6131,532
3115,442,6132,459
3116,16,6133,19
3116,16,6134,5
3117,96,6135,102
3117,96,6136,5
3118,464,6137,479
3119,275,6138,290
3120,521,6139,533
3120,521,6140,370
3121,442,6141,459
3122,522,6142,534
3123,442,6143,459
3124,469,6144,484
3125,357,6145,372
3126,523,6146,535
3127,442,6147,459
3128,270,6148,170
3128,270,6149,285
3129,431,6150,446
3129,431,6151,447
3130,275,6152,290
3131,16,6153,19
3131,16,6154,5
3132,469,6155,484
3133,469,6156,484
3134,469,6157,484
3135,469,6158,484
3136,324,6159,338
3137,3,6160,6
3137,3,6161,5
3138,442,6162,459
3139,469,6163,484
3140,524,6164,536
3141,503,6165,429
3141,503,6166,388
3142,525,6167,537
3142,525,6168,2
3143,491,6169,505
3144,415,6170,429
3144,415,6171,370
3145,355,6172,170
3145,355,6173,370
3146,355,6174,170
3146,355,6175,370
3147,526,6176,538
3147,526,6177,2
3148,10,6178,13
3148,10,6179,5
3149,469,6180,484
3150,506,6181,518
3151,524,6182,536
3152,527,6183,539
3152,527,6184,1
3153,528,6185,540
3153,528,6186,74
3154,529,6187,541
3155,530,6188,542
3155,530,6189,452
3156,469,6190,484
3157,531,6191,543
3158,532,6192,544
3158,532,6193,370
3159,505,6194,517
3160,469,6195,484
3161,3,6196,6
3161,3,6197,5
3162,180,6198,190
3162,180,6199,5
3163,519,6200,531
3164,533,6201,545
3164,533,6202,2
3165,526,6203,538
3165,526,6204,2
3166,534,6205,546
3167,535,6206,547
3168,398,6207,413
3169,532,6208,544
3169,532,6209,370
3170,466,6210,481
3170,466,6211,370
3171,469,6212,484
3172,536,6213,548
3172,536,6214,370
3173,505,6215,517
3174,537,6216,549
3175,494,6217,508
3176,537,6218,549
3177,538,6219,550
3178,505,6220,517
3179,505,6221,517
3180,302,6222,317
3181,506,6223,518
3182,205,6224,217
3182,205,6225,1
3183,538,6226,550
3184,469,6227,484
3185,469,6228,484
3186,56,6229,61
3186,56,6230,52
3187,454,6231,470
3187,454,6232,370
3188,507,6233,519
3189,539,6234,551
3190,460,6235,476
3190,460,6236,370
3191,192,6237,204
3191,192,6238,5
3191,192,6239,1
3192,442,6240,459
3193,494,6241,508
3194,540,6242,552
3195,87,6243,93
3195,87,6244,5
3195,87,6245,1
3196,494,6246,508
3197,357,6247,372
3198,464,6248,479
3199,539,6249,551
3200,469,6250,484
3201,357,6251,372
3202,469,6252,484
3203,469,6253,484
3204,517,6254,529
3204,517,6255,370
3205,233,6256,247
3206,541,6257,553
3207,292,6258,170
3207,292,6259,307
3208,442,6260,459
3209,542,6261,554
3209,542,6262,2
3210,543,6263,555
3211,544,6264,529
3211,544,6265,388
3212,463,6266,248
3212,463,6267,431
3213,494,6268,508
3214,545,6269,556
3215,540,6270,552
3216,275,6271,290
3217,368,6272,383
3217,368,6273,1
3218,546,6274,557
3219,415,6275,429
3219,415,6276,370
3220,7,6277,10
3220,7,6278,5
3220,7,6279,1
3221,275,6280,290
3222,494,6281,508
3223,373,6282,170
3223,373,6283,388
3224,537,6284,549
3225,415,6285,429
3225,415,6286,370
3226,415,6287,429
3226,415,6288,370
3227,546,6289,557
3228,494,6290,508
3229,537,6291,549
3230,519,6292,531
3231,536,6293,548
3231,536,6294,370
3232,505,6295,517
3233,547,6296,558
3233,547,6297,2
3234,357,6298,372
3235,548,6299,548
3235,548,6300,388
3236,539,6301,551
3237,471,6302,486
3238,472,6303,487
3239,146,6304,155
3239,146,6305,1
3240,24,6306,27
3240,24,6307,5
3241,549,6308,559
3241,549,6309,2
3242,442,6310,459
3243,442,6311,459
3244,550,6312,560
3244,550,6313,5
3245,494,6314,508
3246,18,6315,21
3246,18,6316,5
3247,25,6317,28
3247,25,6318,5
3247,25,6319,1
3248,25,6320,28
3248,25,6321,5
3248,25,6322,1
3249,25,6323,28
3249,25,6324,5
3249,25,6325,1
3250,469,6326,484
3251,469,6327,484
3252,469,6328,484
3253,494,6329,508
3254,442,6330,459
3255,469,6331,484
3256,469,6332,484
3257,539,6333,551
3258,551,6334,561
3259,275,6335,290
3260,404,6336,419
3260,404,6337,1
3261,357,6338,372
3262,469,6339,484
3263,469,6340,484
3264,552,6341,562
3264,552,6342,563
3265,503,6343,429
3265,503,6344,388
3266,442,6345,459
3267,442,6346,459
3268,464,6347,479
3269,553,6348,564
3270,554,6349,565
3271,554,6350,565
3272,355,6351,170
3272,355,6352,370
3273,520,6353,532
3274,520,6354,532
3275,515,6355,526
3276,505,6356,517
3277,7,6357,10
3277,7,6358,5
3277,7,6359,1
3278,7,6360,10
3278,7,6361,5
3278,7,6362,1
3279,507,6363,519
3280,506,6364,518
3281,555,6365,566
3282,494,6366,508
3283,494,6367,508
3284,357,6368,372
3285,357,6369,372
3286,442,6370,459
3287,24,6371,27
3287,24,6372,5
3288,556,6373,567
3289,557,6374,568
3289,557,6375,2
3290,558,6376,569
3291,559,6377,570
3291,559,6378,563
3292,538,6379,550
3293,538,6380,550
3294,538,6381,550
3295,306,6382,321
3296,560,6383,571
3297,561,6384,572
3297,561,6385,2
3298,537,6386,549
3299,540,6387,552
3300,540,6388,552
3301,373,6389,170
3301,373,6390,388
3302,361,6391,376
3302,361,6392,1
3303,355,6393,170
3303,355,6394,370
3304,503,6395,429
3304,503,6396,388
3305,502,6397,515
3306,536,6398,548
3306,536,6399,370
3307,205,6400,217
3307,205,6401,1
3308,442,6402,459
3309,442,6403,459
3310,68,6404,73
3310,68,6405,74
3311,539,6406,551
3312,539,6407,551
3313,368,6408,383
3313,368,6409,1
3314,505,6410,517
3315,562,6411,573
3316,503,6412,429
3316,503,6413,388
3317,442,6414,459
3318,563,6415,574
3318,563,6416,447
3319,539,6417,551
3320,564,6418,575
3321,504,6419,516
3322,415,6420,429
3322,415,6421,370
3323,565,6422,576
3323,565,6423,388
3324,548,6424,548
3324,548,6425,388
3325,415,6426,429
3325,415,6427,370
3326,566,6428,577
3326,566,6429,1
3327,197,6430,209
3327,197,6431,1
3328,197,6432,209
3328,197,6433,1
3329,560,6434,571
3330,494,6435,508
3331,551,6436,561
3332,551,6437,561
3333,539,6438,551
3334,548,6439,548
3334,548,6440,388
3335,567,6441,578
3335,567,6442,579
3336,158,6443,167
3336,158,6444,1
3337,568,6445,580
3338,324,6446,338
3339,506,6447,518
3340,442,6448,459
3341,292,6449,170
3341,292,6450,307
3342,495,6451,509
3342,495,6452,1
3343,415,6453,429
3343,415,6454,370
3344,415,6455,429
3344,415,6456,370
3345,464,6457,479
3346,464,6458,479
3347,505,6459,517
3348,464,6460,479
3349,507,6461,519
3350,270,6462,170
3350,270,6463,285
3351,454,6464,470
3351,454,6465,370
3352,507,6466,519
3353,505,6467,517
3354,494,6468,508
3355,494,6469,508
3356,507,6470,519
3357,507,6471,519
3358,569,6472,581
3358,569,6473,370
3359,504,6474,516
3360,569,6475,581
3360,569,6476,370
3361,538,6477,550
3362,562,6478,573
3363,461,6479,477
3363,461,6480,370
3364,546,6481,557
3365,368,6482,383
3365,368,6483,1
3366,538,6484,550
3367,469,6485,484
3368,504,6486,516
3369,520,6487,532
3370,469,6488,484
3371,494,6489,508
3372,564,6490,575
3373,564,6491,575
3374,464,6492,479
3375,540,6493,552
3376,546,6494,557
3377,469,6495,484
3378,516,6496,527
3378,516,6497,528
3379,546,6498,557
3380,494,6499,508
3381,538,6500,550
3382,494,6501,508
3383,494,6502,508
3384,570,6503,578
3384,570,6504,582
3385,494,6505,508
3386,520,6506,532
3387,558,6507,569
3388,571,6508,578
3388,571,6509,583
3389,572,6510,578
3389,572,6511,584
3390,494,6512,508
3391,241,6513,170
3391,241,6514,233
3392,275,6515,290
3393,573,6516,585
3393,573,6517,447
3394,471,6518,486
3395,464,6519,479
3396,464,6520,479
3397,564,6521,575
3398,574,6522,586
3399,575,6523,587
3400,252,6524,266
3401,572,6525,578
3401,572,6526,584
3402,572,6527,578
3402,572,6528,584
3403,572,6529,578
3403,572,6530,584
3404,539,6531,551
3405,519,6532,531
3406,507,6533,519
3407,357,6534,372
3408,538,6535,550
3409,324,6536,338
3410,355,6537,170
3410,355,6538,370
3411,494,6539,508
3412,494,6540,508
3413,576,6541,588
3413,576,6542,589
3414,572,6543,578
3414,572,6544,584
3415,572,6545,578
3415,572,6546,584
3416,538,6547,550
3417,494,6548,508
3418,572,6549,578
3418,572,6550,584
3419,572,6551,578
3419,572,6552,584
3420,445,6553,461
3420,445,6554,370
3421,494,6555,508
3422,2,6556,4
3422,2,6557,5
3422,2,6558,2
3423,544,6559,529
3423,544,6560,388
3424,531,6561,543
3425,577,6562,590
3426,578,6563,470
3426,578,6564,388
3427,579,6565,591
3428,539,6566,551
3429,362,6567,377
3429,362,6568,1
3430,539,6569,551
3431,311,6570,325
3432,580,6571,477
3432,580,6572,388
3433,572,6573,578
3433,572,6574,584
3434,572,6575,578
3434,572,6576,584
3435,494,6577,508
3436,452,6578,468
3436,452,6579,2
3437,505,6580,517
3438,533,6581,545
3438,533,6582,2
3439,574,6583,586
3440,442,6584,459
3441,581,6585,592
3442,572,6586,578
3442,572,6587,584
3443,481,6588,496
3444,538,6589,550
3445,557,6590,568
3445,557,6591,2
3446,557,6592,568
3446,557,6593,2
3447,355,6594,170
3447,355,6595,370
3448,494,6596,508
3449,494,6597,508
3450,504,6598,516
3451,577,6599,590
3452,494,6600,508
3453,582,6601,593
3453,582,6602,431
3454,583,6603,594
3455,504,6604,516
3456,464,6605,479
3457,583,6606,594
3458,572,6607,578
3458,572,6608,584
3459,572,6609,578
3459,572,6610,584
3460,539,6611,551
3461,494,6612,508
3462,52,6613,57
3462,52,6614,5
3463,539,6615,551
3464,539,6616,551
3465,57,6617,62
3465,57,6618,5
3466,584,6619,595
3466,584,6620,5
3467,494,6621,508
3468,585,6622,596
3468,585,6623,431
3469,494,6624,508
3470,551,6625,561
3471,538,6626,550
3472,538,6627,550
3473,469,6628,484
3474,575,6629,587
3475,586,6630,597
3476,538,6631,550
3477,212,6632,224
3477,212,6633,1
3478,212,6634,224
3478,212,6635,1
3479,464,6636,479
3480,587,6637,598
3481,503,6638,429
3481,503,6639,388
3482,404,6640,419
3482,404,6641,1
3483,461,6642,477
3483,461,6643,370
3484,571,6644,578
3484,571,6645,583
3485,588,6646,599
3486,520,6647,532
3487,464,6648,479
3488,431,6649,446
3488,431,6650,447
3489,539,6651,551
3490,519,6652,531
3491,589,6653,600
3491,589,6654,2
3492,551,6655,561
3493,357,6656,372
3494,275,6657,290
3495,590,6658,601
3496,590,6659,601
3497,324,6660,338
3498,414,6661,428
3499,591,6662,576
3499,591,6663,370
3500,415,6664,429
3500,415,6665,370
3501,533,6666,545
3501,533,6667,2
3502,537,6668,549
3503,539,6669,551
3504,539,6670,551
3505,592,6671,602
3506,519,6672,531
3507,464,6673,479
3508,292,6674,170
3508,292,6675,307
3509,292,6676,170
3509,292,6677,307
3510,442,6678,459
3511,538,6679,550
3512,560,6680,571
3513,593,6681,603
3514,554,6682,565
3515,594,6683,604
3516,475,6684,490
3517,291,6685,306
3518,285,6686,300
3519,355,6687,170
3519,355,6688,370
3520,536,6689,548
3520,536,6690,370
3521,595,6691,605
3521,595,6692,370
3522,596,6693,606
3523,539,6694,551
3524,461,6695,477
3524,461,6696,370
3525,571,6697,578
3525,571,6698,583
3526,357,6699,372
3527,324,6700,338
3528,55,6701,60
3528,55,6702,5
3529,464,6703,479
3530,494,6704,508
3531,597,6705,607
3532,598,6706,461
3532,598,6707,388
3533,572,6708,578
3533,572,6709,584
3534,557,6710,568
3534,557,6711,2
3535,574,6712,586
3536,599,6713,608
3537,600,6714,609
3537,600,6715,2
3538,275,6716,290
3539,454,6717,470
3539,454,6718,370
3540,601,6719,610
3540,601,6720,447
3541,574,6721,586
3542,494,6722,508
3543,579,6723,591
3544,602,6724,611
3544,602,6725,447
3545,424,6726,439
3546,603,6727,612
3546,603,6728,2
3547,519,6729,531
3548,519,6730,531
3549,285,6731,300
3550,508,6732,520
3550,508,6733,1
3551,571,6734,578
3551,571,6735,583
3552,571,6736,578
3552,571,6737,583
3553,157,6738,166
3554,464,6739,479
3555,415,6740,429
3555,415,6741,370
3556,521,6742,533
3556,521,6743,370
3557,591,6744,576
3557,591,6745,370
3558,355,6746,170
3558,355,6747,370
3559,604,6748,613
3560,449,6749,465
3560,449,6750,370
3561,543,6751,555
3562,516,6752,527
3562,516,6753,528
3563,517,6754,529
3563,517,6755,370
3564,538,6756,550
3565,165,6757,175
3565,165,6758,74
3566,558,6759,569
3567,575,6760,587
3568,605,6761,614
3569,470,6762,485
3570,157,6763,166
3571,157,6764,166
3572,505,6765,517
3573,505,6766,517
3574,519,6767,531
3575,454,6768,470
3575,454,6769,370
3576,520,6770,532
3577,538,6771,550
3578,415,6772,429
3578,415,6773,370
3579,606,6774,615
3579,606,6775,370
3580,469,6776,484
3581,507,6777,519
3582,516,6778,527
3582,516,6779,528
3583,469,6780,484
3584,469,6781,484
3585,607,6782,616
3586,233,6783,247
3587,151,6784,160
3587,151,6785,1
3588,608,6786,617
3589,572,6787,578
3589,572,6788,584
3590,572,6789,578
3590,572,6790,584
3591,576,6791,588
3591,576,6792,589
3592,190,6793,201
3592,190,6794,5
3593,481,6795,496
3594,461,6796,477
3594,461,6797,370
3595,543,6798,555
3596,609,6799,618
3597,610,6800,619
3598,517,6801,529
3598,517,6802,370
3599,357,6803,372
3600,275,6804,290
3601,324,6805,338
3602,589,6806,600
3602,589,6807,2
3603,589,6808,600
3603,589,6809,2
3604,25,6810,28
3604,25,6811,5
3604,25,6812,1
3605,574,6813,586
3606,446,6814,462
3606,446,6815,370
3607,611,6816,620
3608,275,6817,290
3609,540,6818,552
3610,324,6819,338
3611,285,6820,300
3612,538,6821,550
3613,504,6822,516
3614,539,6823,551
3615,157,6824,166
3616,612,6825,621
3617,538,6826,550
3618,551,6827,561
3619,398,6828,413
3620,519,6829,531
3621,258,6830,273
3622,613,6831,622
3623,520,6832,532
3624,574,6833,586
3625,520,6834,532
3626,614,6835,623
3627,3,6836,6
3627,3,6837,5
3628,580,6838,477
3628,580,6839,388
3629,578,6840,470
3629,578,6841,388
3630,615,6842,624
3631,469,6843,484
3632,245,6844,258
3632,245,6845,1
3633,572,6846,578
3633,572,6847,584
3634,572,6848,578
3634,572,6849,584
3635,157,6850,166
3636,616,6851,625
3637,517,6852,529
3637,517,6853,370
3638,582,6854,593
3638,582,6855,431
3639,494,6856,508
3640,494,6857,508
3641,3,6858,6
3641,3,6859,5
3642,180,6860,190
3642,180,6861,5
3643,415,6862,429
3643,415,6863,370
3644,539,6864,551
3645,367,6865,382
3645,367,6866,1
3646,617,6867,626
3647,618,6868,627
3648,619,6869,628
3649,575,6870,587
3650,539,6871,551
3651,578,6872,470
3651,578,6873,388
3652,620,6874,629
3653,621,6875,630
3654,464,6876,479
3655,536,6877,548
3655,536,6878,370
3656,519,6879,531
3657,540,6880,552
3658,552,6881,562
3658,552,6882,563
3659,494,6883,508
3660,622,6884,477
3660,622,6885,336
3661,312,6886,326
3662,232,6887,246
3663,427,6888,442
3663,427,6889,5
3664,529,6890,541
3665,623,6891,631
3665,623,6892,563
3666,46,6893,50
3666,46,6894,1
3667,624,6895,632
3668,285,6896,300
3669,625,6897,633
3670,626,6898,634
3670,626,6899,2
3671,627,6900,635
3672,275,6901,290
3673,442,6902,459
3674,628,6903,527
3674,628,6904,589
3675,285,6905,300
3676,464,6906,479
3677,539,6907,551
3678,275,6908,290
3679,461,6909,477
3679,461,6910,370
3680,415,6911,429
3680,415,6912,370
3681,415,6913,429
3681,415,6914,370
3682,536,6915,548
3682,536,6916,370
3683,520,6917,532
3684,551,6918,561
3685,629,6919,636
3686,630,6920,637
3687,469,6921,484
3688,631,6922,638
3688,631,6923,370
3689,494,6924,508
3690,469,6925,484
3691,357,6926,372
3692,368,6927,383
3692,368,6928,1
3693,551,6929,561
3694,632,6930,639
3694,632,6931,2
3695,564,6932,575
3696,484,6933,498
3697,563,6934,574
3697,563,6935,447
3698,563,6936,574
3698,563,6937,447
3699,505,6938,517
3700,461,6939,477
3700,461,6940,370
3701,275,6941,290
3702,633,6942,640
3702,633,6943,1
3703,355,6944,170
3703,355,6945,370
3704,475,6946,490
3705,475,6947,490
3706,442,6948,459
3707,464,6949,479
3708,634,6950,641
3708,634,6951,2
3709,441,6952,458
3709,441,6953,2
3710,157,6954,166
3711,18,6955,21
3711,18,6956,5
3712,635,6957,642
3713,494,6958,508
3714,580,6959,477
3714,580,6960,388
3715,580,6961,477
3715,580,6962,388
3716,636,6963,476
3716,636,6964,388
3717,580,6965,477
3717,580,6966,388
3718,574,6967,586
3719,469,6968,484
3720,505,6969,517
3721,469,6970,484
3722,46,6971,50
3722,46,6972,1
3723,494,6973,508
3724,449,6974,465
3724,449,6975,370
3725,505,6976,517
3726,469,6977,484
3727,519,6978,531
3728,458,6979,474
3729,275,6980,290
3730,161,6981,170
3730,161,6982,171
3731,431,6983,446
3731,431,6984,447
3732,25,6985,28
3732,25,6986,5
3732,25,6987,1
3733,368,6988,383
3733,368,6989,1
3734,539,6990,551
3735,606,6991,615
3735,606,6992,370
3736,457,6993,473
3737,458,6994,474
3738,519,6995,531
3739,507,6996,519
3740,571,6997,578
3740,571,6998,583
3741,551,6999,561
3742,574,7000,586
3743,599,7001,608
3744,161,7002,170
3744,161,7003,171
3745,552,7004,562
3745,552,7005,563
3746,324,7006,338
3747,494,7007,508
3748,637,7008,643
3748,637,7009,644
3749,557,7010,568
3749,557,7011,2
3750,638,7012,645
3751,583,7013,594
3752,639,7014,646
3752,639,7015,1
3753,639,7016,646
3753,639,7017,1
3754,538,7018,550
3755,576,7019,588
3755,576,7020,589
3756,628,7021,527
3756,628,7022,589
3757,324,7023,338
3758,469,7024,484
3759,469,7025,484
3760,458,7026,474
3761,373,7027,170
3761,373,7028,388
3762,373,7029,170
3762,373,7030,388
3763,537,7031,549
3764,233,7032,247
3765,640,7033,647
3766,505,7034,517
3767,641,7035,648
3767,641,7036,447
3768,641,7037,648
3768,641,7038,447
3769,642,7039,649
3770,424,7040,439
3771,442,7041,459
3772,519,7042,531
3773,12,7043,15
3773,12,7044,1
3774,520,7045,532
3775,583,7046,594
3776,559,7047,570
3776,559,7048,563
3777,275,7049,290
3778,285,7050,300
3779,504,7051,516
3780,643,7052,650
3781,357,7053,372
3782,357,7054,372
3783,507,7055,519
3784,628,7056,527
3784,628,7057,589
3785,505,7058,517
3786,399,7059,414
3786,399,7060,370
3787,511,7061,522
3788,519,7062,531
3789,454,7063,470
3789,454,7064,370
3790,357,7065,372
3791,551,7066,561
3792,644,7067,651
3793,442,7068,459
3794,494,7069,508
3795,519,7070,531
3796,529,7071,541
3797,507,7072,519
3798,355,7073,170
3798,355,7074,370
3799,494,7075,508
3800,575,7076,587
3801,645,7077,652
3802,504,7078,516
3803,507,7079,519
3804,507,7080,519
3805,543,7081,555
3806,551,7082,561
3807,551,7083,561
3808,551,7084,561
3809,355,7085,170
3809,355,7086,370
3810,578,7087,470
3810,578,7088,388
3811,572,7089,578
3811,572,7090,584
3812,357,7091,372
3813,646,7092,653
3814,494,7093,508
3815,504,7094,516
3816,520,7095,532
3817,622,7096,477
3817,622,7097,336
3818,580,7098,477
3818,580,7099,388
3819,580,7100,477
3819,580,7101,388
3820,507,7102,519
3821,507,7103,519
3822,494,7104,508
3823,551,7105,561
3824,469,7106,484
3825,357,7107,372
3826,538,7108,550
3827,580,7109,477
3827,580,7110,388
3828,546,7111,557
3829,560,7112,571
3830,551,7113,561
3831,505,7114,517
3832,494,7115,508
3833,572,7116,578
3833,572,7117,584
3834,539,7118,551
3835,494,7119,508
3836,647,7120,654
3837,620,7121,629
3838,533,7122,545
3838,533,7123,2
3839,275,7124,290
3840,442,7125,459
3841,520,7126,532
3842,578,7127,470
3842,578,7128,388
3843,572,7129,578
3843,572,7130,584
3844,575,7131,587
3845,648,7132,655
3846,538,7133,550
3847,494,7134,508
3848,557,7135,568
3848,557,7136,2
3849,461,7137,477
3849,461,7138,370
3850,580,7139,477
3850,580,7140,388
3851,507,7141,519
3852,494,7142,508
3853,649,7143,656
3854,647,7144,654
3855,601,7145,610
3855,601,7146,447
3856,650,7147,657
3856,650,7148,447
3857,602,7149,611
3857,602,7150,447
3858,579,7151,591
3859,270,7152,170
3859,270,7153,285
3860,538,7154,550
3861,575,7155,587
3862,651,7156,658
3863,494,7157,508
3864,538,7158,550
3865,507,7159,519
3866,546,7160,557
3867,161,7161,170
3867,161,7162,171
3868,575,7163,587
3869,652,7164,659
3870,494,7165,508
3871,445,7166,461
3871,445,7167,370
3872,577,7168,590
3873,538,7169,550
3874,538,7170,550
3875,571,7171,578
3875,571,7172,583
3876,538,7173,550
3877,579,7174,591
3878,653,7175,660
3879,494,7176,508
3880,442,7177,459
3881,572,7178,578
3881,572,7179,584
3882,538,7180,550
3883,540,7181,552
3884,520,7182,532
3885,654,7183,527
3885,654,7184,265
3886,571,7185,578
3886,571,7186,583
3887,520,7187,532
3888,494,7188,508
3889,655,7189,661
3890,656,7190,662
3891,575,7191,587
3892,494,7192,508
3893,507,7193,519
3894,507,7194,519
3895,494,7195,508
3896,560,7196,571
3897,572,7197,578
3897,572,7198,584
3898,572,7199,578
3898,572,7200,584
3899,572,7201,578
3899,572,7202,584
3900,516,7203,527
3900,516,7204,528
3901,431,7205,446
3901,431,7206,447
3902,431,7207,446
3902,431,7208,447
3903,469,7209,484
3904,649,7210,656
3905,494,7211,508
3906,579,7212,591
3907,580,7213,477
3907,580,7214,388
3908,572,7215,578
3908,572,7216,584
3909,285,7217,300
3910,25,7218,28
3910,25,7219,5
3910,25,7220,1
3911,25,7221,28
3911,25,7222,5
3911,25,7223,1
3912,494,7224,508
3913,243,7225,256
3914,543,7226,555
3915,494,7227,508
3916,546,7228,557
3917,657,7229,663
3917,657,7230,370
3918,538,7231,550
3919,572,7232,578
3919,572,7233,584
3920,68,7234,73
3920,68,7235,74
3921,243,7236,256
3922,306,7237,321
3923,658,7238,664
3923,658,7239,388
3924,658,7240,664
3924,658,7241,388
3925,659,7242,665
3926,660,7243,666
3927,538,7244,550
3928,571,7245,578
3928,571,7246,583
3929,539,7247,551
3930,661,7248,664
3930,661,7249,370
3931,578,7250,470
3931,578,7251,388
3932,571,7252,578
3932,571,7253,583
3933,571,7254,578
3933,571,7255,583
3934,662,7256,667
3934,662,7257,668
3935,576,7258,588
3935,576,7259,589
3936,576,7260,588
3936,576,7261,589
3937,516,7262,527
3937,516,7263,528
3938,661,7264,664
3938,661,7265,370
3939,642,7266,649
3940,658,7267,664
3940,658,7268,388
3941,454,7269,470
3941,454,7270,370
3942,663,7271,669
3943,664,7272,670
3943,664,7273,431
3943,664,7274,2
3944,324,7275,338
3945,324,7276,338
3946,620,7277,629
3947,665,7278,671
3947,665,7279,1
3948,494,7280,508
3949,666,7281,672
3949,666,7282,2
3950,638,7283,645
3951,579,7284,591
3952,579,7285,591
3953,667,7286,673
